,Checking account,Duration,Credit history,Purpose,Credit amount,Savings account,Employment since,Installment rate,Status & sex,Debtors & guarantors,Residence since,Property,Age,Other installments,Housing,Existing credits,Job,Kept people,Phone,Foreign worker,Target
0,1,6,4,3,1169,5,5,4,3,1,4,1,67,2,2,2,3,1,2,1,1
1,2,48,2,3,5951,1,3,2,2,1,2,1,22,2,2,1,3,1,1,1,2
2,4,12,4,6,2096,1,4,2,3,1,3,1,49,2,2,1,2,2,1,1,1
3,1,42,2,2,7882,1,4,2,3,3,4,2,45,2,3,1,3,2,1,1,1
4,1,24,3,0,4870,1,3,3,3,1,4,4,53,2,3,2,3,2,1,1,2
5,4,36,2,6,9055,5,3,2,3,1,4,4,35,2,3,1,2,2,2,1,1
6,4,24,2,2,2835,3,5,3,3,1,4,2,53,2,2,1,3,1,1,1,1
7,2,36,2,1,6948,1,3,2,3,1,2,3,35,2,1,1,4,1,2,1,1
8,4,12,2,3,3059,4,4,2,1,1,4,1,61,2,2,1,2,1,1,1,1
9,2,30,4,0,5234,1,1,4,4,1,2,3,28,2,2,2,4,1,1,1,2
10,2,12,2,0,1295,1,2,3,2,1,1,3,25,2,1,1,3,1,1,1,2
11,1,48,2,9,4308,1,2,3,2,1,4,2,24,2,1,1,3,1,1,1,2
12,2,12,2,3,1567,1,3,1,2,1,1,3,22,2,2,1,3,1,2,1,1
13,1,24,4,0,1199,1,5,4,3,1,4,3,60,2,2,2,2,1,1,1,2
14,1,15,2,0,1403,1,3,2,2,1,4,3,28,2,1,1,3,1,1,1,1
15,1,24,2,3,1282,2,3,4,2,1,2,3,32,2,2,1,2,1,1,1,2
16,4,24,4,3,2424,5,5,4,3,1,4,2,53,2,2,2,3,1,1,1,1
17,1,30,0,9,8072,5,2,2,3,1,3,3,25,1,2,3,3,1,1,1,1
18,2,24,2,1,12579,1,5,4,2,1,2,4,44,2,3,1,4,1,2,1,2
19,4,24,2,3,3430,3,5,3,3,1,2,3,31,2,2,1,3,2,2,1,1
20,4,9,4,0,2134,1,3,4,3,1,4,3,48,2,2,3,3,1,2,1,1
21,1,6,2,3,2647,3,3,2,3,1,3,1,44,2,1,1,3,2,1,1,1
22,1,10,4,0,2241,1,2,1,3,1,3,1,48,2,1,2,2,2,1,2,1
23,2,12,4,1,1804,2,2,3,3,1,4,2,44,2,2,1,3,1,1,1,1
24,4,10,4,2,2069,5,3,2,4,1,1,3,26,2,2,2,3,1,1,2,1
25,1,6,2,2,1374,1,3,1,3,1,2,1,36,1,2,1,2,1,2,1,1
26,4,6,0,3,426,1,5,4,4,1,4,3,39,2,2,1,2,1,1,1,1
27,3,12,1,3,409,4,3,3,2,1,3,1,42,2,1,2,3,1,1,1,1
28,2,7,2,3,2415,1,3,3,3,3,2,1,34,2,2,1,3,1,1,1,1
29,1,60,3,9,6836,1,5,3,3,1,4,4,63,2,2,2,3,1,2,1,2
30,2,18,2,9,1913,4,2,3,4,1,3,1,36,1,2,1,3,1,2,1,1
31,1,24,2,2,4020,1,3,2,3,1,2,3,27,2,2,1,3,1,1,1,1
32,2,18,2,0,5866,2,3,2,3,1,2,3,30,2,2,2,3,1,2,1,1
33,4,12,4,9,1264,5,5,4,3,1,4,4,57,2,1,1,2,1,1,1,1
34,3,12,2,2,1474,1,2,4,2,1,1,2,33,1,2,1,4,1,2,1,1
35,2,45,4,3,4746,1,2,4,3,1,2,2,25,2,2,2,2,1,1,1,2
36,4,48,4,6,6110,1,3,1,3,1,3,4,31,1,3,1,3,1,2,1,1
37,3,18,2,3,2100,1,3,4,3,2,2,1,37,2,2,1,3,1,1,1,2
38,3,10,2,4,1225,1,3,2,3,1,2,3,37,2,2,1,3,1,2,1,1
39,2,9,2,3,458,1,3,4,3,1,3,1,24,2,2,1,3,1,1,1,1
40,4,30,2,3,2333,3,5,4,3,1,2,3,30,1,2,1,4,1,1,1,1
41,2,12,2,3,1158,3,3,3,1,1,1,3,26,2,2,1,3,1,2,1,1
42,2,18,3,5,6204,1,3,2,3,1,4,1,44,2,2,1,2,2,2,1,1
43,1,30,4,1,6187,2,4,1,4,1,4,3,24,2,1,2,3,1,1,1,1
44,1,48,4,1,6143,1,5,4,2,1,4,4,58,2,3,2,2,1,1,1,2
45,4,11,4,0,1393,1,2,4,2,1,4,3,35,2,2,2,4,1,1,1,1
46,4,36,2,3,2299,3,5,4,3,1,4,3,39,2,2,1,3,1,1,1,1
47,1,6,2,1,1352,3,1,1,2,1,2,2,23,2,1,1,1,1,2,1,1
48,4,11,4,0,7228,1,3,1,3,1,4,2,39,2,2,2,2,1,1,1,1
49,4,12,2,3,2073,2,3,4,2,2,2,1,28,2,2,1,3,1,1,1,1
50,2,24,3,2,2333,5,2,4,3,1,2,2,29,1,2,1,2,1,1,1,1
51,2,27,3,1,5965,1,5,1,3,1,2,3,30,2,2,2,4,1,2,1,1
52,4,12,2,3,1262,1,3,3,3,1,2,3,25,2,2,1,3,1,1,1,1
53,4,18,2,1,3378,5,3,2,3,1,1,2,31,2,2,1,3,1,2,1,1
54,2,36,3,0,2225,1,5,4,3,1,4,4,57,1,3,2,3,1,2,1,2
55,4,6,1,0,783,5,3,1,3,3,2,1,26,2,2,1,2,2,1,1,1
56,2,12,2,3,6468,5,1,2,3,1,1,4,52,2,2,1,4,1,2,1,2
57,4,36,4,3,9566,1,3,2,2,1,2,3,31,2,2,2,3,1,1,1,1
58,3,18,2,0,1961,1,5,3,2,1,2,3,23,2,2,1,4,1,1,1,1
59,1,36,4,2,6229,1,2,4,2,2,4,4,23,2,1,2,2,1,2,1,2
60,2,9,2,9,1391,1,3,2,4,1,1,1,27,1,2,1,3,1,2,1,1
61,2,15,4,3,1537,5,5,4,3,3,4,1,50,2,2,2,3,1,2,1,1
62,2,36,0,9,1953,1,5,4,3,1,4,4,61,2,3,1,4,1,2,1,2
63,2,48,0,9,14421,1,3,2,3,1,2,3,25,2,2,1,3,1,2,1,2
64,4,24,2,3,3181,1,2,4,2,1,4,2,26,2,2,1,3,1,2,1,1
65,4,27,2,5,5190,5,5,4,3,1,4,2,48,2,2,4,3,2,2,1,1
66,4,12,2,3,2171,1,2,2,2,1,2,3,29,1,2,1,3,1,1,1,1
67,2,12,2,0,1007,4,3,4,4,1,1,1,22,2,2,1,3,1,1,1,1
68,4,36,2,6,1819,1,3,4,3,1,4,4,37,2,3,1,3,1,2,1,2
69,4,36,2,3,2394,5,3,4,2,1,4,3,25,2,2,1,3,1,1,1,1
70,4,36,2,1,8133,1,3,1,2,1,2,2,30,1,2,1,3,1,1,1,1
71,4,7,4,3,730,5,5,4,3,1,2,2,46,2,1,2,2,1,2,1,1
72,1,8,4,10,1164,1,5,3,3,1,4,4,51,1,3,2,4,2,2,1,1
73,2,42,4,9,5954,1,4,2,2,1,1,1,41,1,2,2,2,1,1,1,1
74,1,36,2,6,1977,5,5,4,3,1,4,4,40,2,2,1,4,1,2,1,2
75,1,12,4,1,1526,1,5,4,3,1,4,4,66,2,3,2,4,1,1,1,1
76,1,42,2,3,3965,1,2,4,3,1,3,3,34,2,2,1,3,1,1,1,2
77,2,11,3,3,4771,1,4,2,3,1,4,2,51,2,2,1,3,1,1,1,1
78,4,54,0,1,9436,5,3,2,3,1,2,2,39,2,2,1,2,2,1,1,1
79,2,30,2,2,3832,1,2,2,4,1,1,2,22,2,2,1,3,1,1,1,1
80,4,24,2,3,5943,5,2,1,2,1,1,3,44,2,2,2,3,1,2,1,2
81,4,15,2,3,1213,3,5,4,3,1,3,2,47,2,2,1,3,1,2,1,1
82,4,18,2,9,1568,2,3,3,2,1,4,2,24,2,1,1,2,1,1,1,1
83,1,24,2,10,1755,1,5,4,2,3,4,1,58,2,2,1,2,1,2,1,1
84,1,10,2,3,2315,1,5,3,3,1,4,1,52,2,2,1,2,1,1,1,1
85,4,12,4,9,1412,1,3,4,2,3,2,1,29,2,2,2,4,1,2,1,1
86,2,18,4,2,1295,1,2,4,2,1,1,2,27,2,2,2,3,1,1,1,1
87,2,36,2,6,12612,2,3,1,3,1,4,4,47,2,3,1,3,2,2,1,2
88,1,18,2,0,2249,2,4,4,3,1,3,3,30,2,2,1,4,2,2,1,1
89,1,12,0,5,1108,1,4,4,3,1,3,1,28,2,2,2,3,1,1,1,2
90,4,12,4,3,618,1,5,4,3,1,4,1,56,2,2,1,3,1,1,1,1
91,1,12,4,1,1409,1,5,4,3,1,3,1,54,2,2,1,3,1,1,1,1
92,4,12,4,3,797,5,5,4,2,1,3,2,33,1,2,1,2,2,1,1,2
93,3,24,4,2,3617,5,5,4,3,2,4,4,20,2,1,2,3,1,1,1,1
94,2,12,2,0,1318,4,5,4,3,1,4,1,54,2,2,1,3,1,2,1,1
95,2,54,0,9,15945,1,2,3,3,1,4,4,58,2,1,1,3,1,2,1,2
96,4,12,4,6,2012,5,4,4,2,1,2,3,61,2,2,1,3,1,1,1,1
97,2,18,2,9,2622,2,3,4,3,1,4,3,34,2,2,1,3,1,1,1,1
98,2,36,4,3,2337,1,5,4,3,1,4,1,36,2,2,1,3,1,1,1,1
99,2,20,3,1,7057,5,4,3,3,1,4,2,36,1,1,2,4,2,2,1,1
100,4,24,2,0,1469,2,5,4,4,1,4,1,41,2,1,1,2,1,1,1,1
101,2,36,2,3,2323,1,4,4,3,1,4,3,24,2,1,1,3,1,1,1,1
102,4,6,3,3,932,1,3,3,2,1,2,1,24,2,2,1,3,1,1,1,1
103,2,9,4,2,1919,1,4,4,3,1,3,3,35,2,1,1,3,1,2,1,1
104,4,12,2,1,2445,5,2,2,4,1,4,3,26,2,1,1,3,1,2,1,1
105,2,24,4,10,11938,1,3,2,3,2,3,3,39,2,2,2,4,2,2,1,2
106,4,18,1,0,6458,1,5,2,3,1,4,4,39,1,2,2,4,2,2,1,2
107,2,12,2,0,6078,1,4,2,3,1,2,3,32,2,2,1,3,1,1,1,1
108,1,24,2,2,7721,5,2,1,2,1,2,2,30,2,2,1,3,1,2,2,1
109,2,14,2,9,1410,3,5,1,4,1,2,1,35,2,2,1,3,1,2,1,1
110,2,6,3,9,1449,2,5,1,1,1,2,3,31,1,2,2,3,2,1,1,1
111,3,15,2,6,392,1,2,4,2,1,4,2,23,2,1,1,3,1,2,1,1
112,2,18,2,0,6260,1,4,3,3,1,3,1,28,2,1,1,2,1,1,1,1
113,4,36,4,0,7855,1,3,4,2,1,2,1,25,2,2,2,3,1,2,1,2
114,1,12,2,3,1680,3,5,3,4,1,1,1,35,2,2,1,3,1,1,1,1
115,4,48,4,3,3578,5,5,4,3,1,1,1,47,2,2,1,3,1,2,1,1
116,1,42,2,3,7174,5,4,4,2,1,3,3,30,2,2,1,4,1,2,1,2
117,1,10,4,2,2132,5,2,2,2,2,3,1,27,2,1,2,3,1,1,2,1
118,1,33,4,2,4281,3,3,1,2,1,4,3,23,2,2,2,3,1,1,1,2
119,2,12,4,0,2366,3,4,3,1,1,3,3,36,2,2,1,4,1,2,1,1
120,1,21,2,3,1835,1,3,3,2,1,2,1,25,2,2,2,3,1,2,1,2
121,4,24,4,1,3868,1,5,4,2,1,2,3,41,2,1,2,4,1,2,1,1
122,4,12,2,2,1768,1,3,3,3,1,2,1,24,2,1,1,2,1,1,1,1
123,3,10,4,0,781,1,5,4,3,1,4,4,63,2,3,2,3,1,2,1,1
124,2,18,2,2,1924,5,2,4,2,1,3,1,27,2,1,1,3,1,1,1,2
125,1,12,4,0,2121,1,3,4,3,1,2,2,30,2,2,2,3,1,1,1,1
126,1,12,2,3,701,1,3,4,4,1,2,1,40,2,2,1,2,1,1,1,1
127,2,12,2,5,639,1,3,4,3,1,2,3,30,2,2,1,3,1,1,1,2
128,2,12,4,1,1860,1,1,4,3,1,2,3,34,2,2,2,4,1,2,1,1
129,1,12,4,0,3499,1,3,3,2,2,2,1,29,2,2,2,3,1,1,1,2
130,2,48,2,0,8487,5,4,1,2,1,2,3,24,2,2,1,3,1,1,1,1
131,1,36,3,6,6887,1,3,4,3,1,3,2,29,2,2,1,3,1,2,1,2
132,4,15,2,2,2708,1,2,2,3,1,3,2,27,1,2,2,2,1,1,1,1
133,4,18,2,2,1984,1,3,4,3,1,4,4,47,1,3,2,3,1,1,1,1
134,4,60,2,3,10144,2,4,2,2,1,4,1,21,2,2,1,3,1,2,1,1
135,4,12,4,3,1240,5,5,4,2,1,2,1,38,2,2,2,3,1,2,1,1
136,4,27,3,1,8613,4,3,2,3,1,2,3,27,2,2,2,3,1,1,1,1
137,2,12,2,3,766,3,3,4,3,1,3,1,66,2,2,1,2,1,1,1,2
138,2,15,4,3,2728,5,4,4,3,3,2,1,35,1,2,3,3,1,2,1,1
139,3,12,2,3,1881,1,3,2,2,1,2,3,44,2,1,1,2,1,2,1,1
140,3,6,2,0,709,4,2,2,4,1,2,1,27,2,2,1,1,1,1,2,1
141,2,36,2,3,4795,1,2,4,2,1,1,4,30,2,2,1,4,1,2,1,1
142,1,27,2,3,3416,1,3,3,3,1,2,3,27,2,2,1,4,1,1,1,1
143,1,18,2,2,2462,1,3,2,3,1,2,3,22,2,2,1,3,1,1,1,2
144,4,21,4,2,2288,1,2,4,2,1,4,2,23,2,2,1,3,1,2,1,1
145,2,48,1,9,3566,2,4,4,3,1,2,3,30,2,2,1,3,1,1,1,1
146,1,6,4,0,860,1,5,1,2,1,4,4,39,2,2,2,3,1,2,1,1
147,4,12,4,0,682,2,4,4,2,1,3,3,51,2,2,2,3,1,2,1,1
148,1,36,4,2,5371,1,3,3,3,3,2,2,28,2,2,2,3,1,1,1,1
149,4,18,4,3,1582,4,5,4,3,1,4,3,46,2,2,2,3,1,1,1,1
150,4,6,2,3,1346,2,5,2,3,1,4,4,42,1,3,1,3,2,2,1,1
151,4,10,2,3,1924,1,3,1,3,1,4,2,38,2,2,1,3,1,2,2,1
152,3,36,2,3,5848,1,3,4,3,1,1,3,24,2,2,1,3,1,1,1,1
153,2,24,4,1,7758,4,5,2,2,1,4,4,29,2,1,1,3,1,1,1,1
154,2,24,3,9,6967,2,4,4,3,1,4,3,36,2,1,1,4,1,2,1,1
155,1,12,2,2,1282,1,3,2,2,1,4,3,20,2,1,1,3,1,1,1,2
156,1,9,4,5,1288,2,5,3,3,3,4,1,48,2,2,2,3,2,1,2,1
157,1,12,1,8,339,1,5,4,4,1,1,3,45,1,2,1,2,1,1,1,1
158,2,24,2,0,3512,2,4,2,3,1,3,3,38,1,2,2,3,1,2,1,1
159,4,6,4,3,1898,5,3,1,3,1,2,1,34,2,2,2,2,2,1,1,1
160,4,24,4,3,2872,2,5,3,3,1,4,1,36,2,2,1,3,2,2,1,1
161,4,18,4,0,1055,1,2,4,2,1,1,2,30,2,2,2,3,1,1,1,1
162,4,15,2,4,1262,3,4,4,3,1,3,2,36,2,2,2,3,1,2,1,1
163,2,10,2,0,7308,1,1,2,3,1,4,4,70,1,3,1,4,1,2,1,1
164,4,36,2,0,909,3,5,4,3,1,4,2,36,2,2,1,3,1,1,1,1
165,4,6,2,2,2978,3,3,1,3,1,2,3,32,2,2,1,3,1,2,1,1
166,1,18,2,2,1131,1,1,4,2,1,2,3,33,2,2,1,3,1,1,1,2
167,2,11,2,2,1577,4,2,4,2,1,1,1,20,2,2,1,3,1,1,1,1
168,4,24,2,2,3972,1,4,2,2,1,4,2,25,2,1,1,3,1,2,1,1
169,2,24,4,9,1935,1,5,4,1,1,4,1,31,2,2,2,3,1,2,1,2
170,1,15,0,0,950,1,5,4,3,1,3,3,33,2,1,2,3,2,1,1,2
171,4,12,2,2,763,1,3,4,2,1,1,1,26,2,2,1,3,1,2,1,1
172,2,24,3,2,2064,1,1,3,2,1,2,2,34,2,2,1,4,1,2,1,2
173,2,8,2,3,1414,1,3,4,3,3,2,1,33,2,2,1,3,1,1,2,1
174,1,21,3,6,3414,1,2,2,3,1,1,2,26,2,2,2,3,1,1,1,2
175,4,30,1,1,7485,5,1,4,2,1,1,1,53,1,2,1,4,1,2,1,2
176,1,12,2,2,2577,1,3,2,1,1,1,3,42,2,2,1,3,1,1,1,1
177,1,6,4,3,338,3,5,4,3,1,4,3,52,2,2,2,3,1,1,1,1
178,4,12,2,3,1963,1,4,4,3,1,2,3,31,2,1,2,4,2,2,1,1
179,1,21,4,0,571,1,5,4,3,1,4,1,65,2,2,2,3,1,1,1,1
180,4,36,3,9,9572,1,2,1,1,1,1,3,28,2,2,2,3,1,1,1,2
181,2,36,3,9,4455,1,3,2,1,1,2,1,30,2,2,2,4,1,2,1,2
182,1,21,1,0,1647,5,3,4,3,1,2,2,40,2,2,2,2,2,1,1,2
183,4,24,4,2,3777,4,3,4,3,1,4,1,50,2,2,1,3,1,2,1,1
184,2,18,4,0,884,1,5,4,3,1,4,3,36,1,2,1,3,2,2,1,2
185,4,15,4,3,1360,1,3,4,3,1,2,2,31,2,2,2,3,1,1,1,1
186,2,9,1,1,5129,1,5,2,2,1,4,4,74,1,3,1,4,2,2,1,2
187,2,16,4,0,1175,1,1,2,3,1,3,3,68,2,3,3,1,1,2,1,1
188,1,12,2,3,674,2,4,4,4,1,1,2,20,2,2,1,3,1,1,1,2
189,2,18,0,2,3244,1,3,1,2,1,4,3,33,1,2,2,3,1,2,1,1
190,4,24,2,9,4591,4,3,2,3,1,3,2,54,2,2,3,4,1,2,1,2
191,2,48,0,9,3844,2,4,4,3,1,4,4,34,2,3,1,2,2,1,1,2
192,2,27,2,9,3915,1,3,4,3,1,2,3,36,2,2,1,3,2,2,1,2
193,4,6,2,3,2108,1,4,2,4,1,2,1,29,2,1,1,3,1,1,1,1
194,2,45,2,3,3031,2,3,4,3,3,4,2,21,2,1,1,3,1,1,1,2
195,2,9,4,6,1501,1,5,2,2,1,3,3,34,2,2,2,4,1,2,1,2
196,4,6,4,3,1382,1,3,1,2,1,1,3,28,2,2,2,3,1,2,1,1
197,2,12,2,2,951,2,2,4,2,1,4,3,27,1,1,4,3,1,1,1,2
198,2,24,2,1,2760,5,5,4,3,1,4,4,36,1,3,1,3,1,2,1,1
199,2,18,3,2,4297,1,5,4,1,1,3,4,40,2,2,1,4,1,2,1,2
200,4,9,4,6,936,3,5,4,3,1,2,3,52,2,2,2,3,1,2,1,1
201,1,12,2,0,1168,1,3,4,4,1,3,1,27,2,2,1,2,1,1,1,1
202,4,27,3,9,5117,1,4,3,3,1,4,3,26,2,2,2,3,1,1,1,1
203,1,12,2,8,902,1,4,4,4,1,4,2,21,2,1,1,3,1,1,1,2
204,4,12,4,0,1495,1,5,4,3,1,1,1,38,2,2,2,2,2,1,1,1
205,1,30,4,1,10623,1,5,3,3,1,4,4,38,2,3,3,4,2,2,1,1
206,4,12,4,2,1935,1,5,4,3,1,4,1,43,2,2,3,3,1,2,1,1
207,2,12,4,4,1424,1,4,4,3,1,3,2,26,2,2,1,3,1,1,1,1
208,1,24,2,9,6568,1,3,2,4,1,2,3,21,2,2,1,2,1,1,1,1
209,4,12,2,1,1413,4,4,3,3,1,2,2,55,2,2,1,3,1,1,2,1
210,4,9,4,3,3074,5,3,1,3,1,2,1,33,2,2,2,3,2,1,1,1
211,4,36,2,3,3835,5,5,2,2,1,4,1,45,2,2,1,2,1,2,1,1
212,1,27,0,9,5293,1,1,2,3,1,4,2,50,2,2,2,3,1,2,1,2
213,3,30,3,9,1908,1,5,4,3,1,4,1,66,2,2,1,4,1,2,1,2
214,4,36,4,3,3342,5,5,4,3,1,2,3,51,2,2,1,3,1,2,1,1
215,2,6,4,8,932,5,4,1,2,1,3,2,39,2,2,2,2,1,1,1,1
216,1,18,0,9,3104,1,4,3,3,1,1,2,31,1,2,1,3,1,2,1,1
217,3,36,2,3,3913,1,3,2,3,1,2,1,23,2,2,1,3,1,2,1,1
218,1,24,2,2,3021,1,3,2,1,1,2,1,24,2,1,1,2,1,1,1,1
219,4,10,2,0,1364,1,3,2,2,1,4,3,64,2,2,1,3,1,2,1,1
220,2,12,2,3,625,1,2,4,4,3,1,1,26,1,2,1,2,1,1,1,1
221,1,12,2,6,1200,5,3,4,2,1,4,2,23,1,1,1,3,1,2,1,1
222,4,12,2,3,707,1,3,4,3,1,2,1,30,1,2,2,3,1,1,1,1
223,4,24,3,9,2978,5,3,4,3,1,4,1,32,2,2,2,3,2,2,1,1
224,4,15,2,1,4657,1,3,3,3,1,2,3,30,2,2,1,3,1,2,1,1
225,4,36,0,5,2613,1,3,4,3,1,2,3,27,2,2,2,3,1,1,1,1
226,2,48,2,3,10961,4,4,1,3,2,2,4,27,1,2,2,3,1,2,1,2
227,1,12,2,2,7865,1,5,4,3,1,4,4,53,2,3,1,4,1,2,1,2
228,4,9,2,3,1478,1,4,4,3,1,2,3,22,2,2,1,3,1,1,1,2
229,1,24,2,2,3149,1,2,4,3,1,1,4,22,1,3,1,3,1,1,1,1
230,3,36,2,3,4210,1,3,4,3,1,2,3,26,2,2,1,3,1,1,1,2
231,4,9,2,0,2507,3,5,2,3,1,4,4,51,2,3,1,2,1,1,1,1
232,4,12,2,3,2141,2,4,3,3,1,1,4,35,2,2,1,3,1,1,1,1
233,2,18,2,3,866,1,3,4,4,3,2,1,25,2,2,1,2,1,1,1,1
234,4,4,4,3,1544,1,4,2,3,1,1,1,42,2,2,3,2,2,1,1,1
235,1,24,2,3,1823,1,1,4,3,1,2,3,30,2,2,1,4,2,1,1,2
236,2,6,2,0,14555,5,1,1,3,1,2,2,23,2,2,1,1,1,2,1,2
237,2,21,2,9,2767,2,5,4,1,1,2,3,61,1,1,2,2,1,1,1,2
238,4,12,4,3,1291,1,3,4,2,1,2,2,35,2,2,2,3,1,1,1,1
239,1,30,2,3,2522,1,5,1,3,3,3,2,39,2,2,1,3,2,1,1,1
240,1,24,2,0,915,5,5,4,2,1,2,3,29,1,2,1,3,1,1,1,2
241,4,6,2,3,1595,1,4,3,3,1,2,2,51,2,2,1,3,2,1,1,1
242,1,48,0,1,4605,1,5,3,3,1,4,4,24,2,3,2,3,2,1,1,2
243,4,12,4,9,1185,1,3,3,2,1,2,1,27,2,2,2,3,1,1,1,1
244,4,12,1,8,3447,3,3,4,2,1,3,1,35,2,2,1,2,2,1,1,1
245,4,24,2,9,1258,1,4,4,3,1,1,1,25,2,2,1,3,1,2,1,1
246,4,12,4,3,717,1,5,4,3,1,4,1,52,2,2,3,3,1,1,1,1
247,4,6,0,0,1204,2,3,4,3,1,1,4,35,1,1,1,3,1,1,2,1
248,3,24,2,2,1925,1,3,2,3,1,2,1,26,2,2,1,3,1,1,1,1
249,4,18,2,3,433,1,1,3,2,2,4,1,22,2,1,1,3,1,1,1,2
250,1,6,4,0,666,4,4,3,2,1,4,1,39,2,2,2,2,1,2,1,1
251,3,12,2,2,2251,1,3,1,2,1,2,3,46,2,2,1,2,1,1,1,1
252,2,30,2,0,2150,1,3,4,2,3,2,4,24,1,2,1,3,1,1,1,2
253,4,24,3,2,4151,2,3,2,3,1,3,2,35,2,2,2,3,1,1,1,1
254,2,9,2,2,2030,5,4,2,3,1,1,3,24,2,2,1,3,1,2,1,1
255,2,60,3,3,7418,5,3,1,3,1,1,1,27,2,2,1,2,1,1,1,1
256,4,24,4,3,2684,1,3,4,3,1,2,1,35,2,2,2,2,1,1,1,1
257,1,12,1,3,2149,1,3,4,1,1,1,4,29,2,3,1,3,1,1,1,2
258,4,15,2,1,3812,2,2,1,2,1,4,3,23,2,2,1,3,1,2,1,1
259,4,11,4,3,1154,2,1,4,2,1,4,1,57,2,2,3,2,1,1,1,1
260,1,12,2,2,1657,1,3,2,3,1,2,1,27,2,2,1,3,1,1,1,1
261,1,24,2,3,1603,1,5,4,2,1,4,3,55,2,2,1,3,1,1,1,1
262,1,18,4,0,5302,1,5,2,3,1,4,4,36,2,3,3,4,1,2,1,1
263,4,12,4,6,2748,1,5,2,2,1,4,4,57,1,3,3,2,1,1,1,1
264,4,10,4,0,1231,1,5,3,3,1,4,1,32,2,2,2,2,2,1,2,1
265,2,15,2,3,802,1,5,4,3,1,3,3,37,2,2,1,3,2,1,1,2
266,4,36,4,9,6304,5,5,4,3,1,4,1,36,2,2,2,3,1,1,1,1
267,4,24,2,3,1533,1,2,4,2,1,3,3,38,2,2,1,3,1,2,1,1
268,1,14,2,0,8978,1,5,1,1,1,4,2,45,2,2,1,4,1,2,2,2
269,4,24,2,3,999,5,5,4,3,1,2,3,25,2,2,2,3,1,1,1,1
270,4,18,2,0,2662,5,4,4,3,1,3,2,32,2,2,1,3,1,1,2,1
271,4,12,4,2,1402,3,4,3,2,1,4,3,37,2,1,1,3,1,2,1,1
272,2,48,1,0,12169,5,1,4,3,2,4,4,36,2,3,1,4,1,2,1,1
273,2,48,2,3,3060,1,4,4,3,1,4,1,28,2,2,2,3,1,1,1,2
274,1,30,2,5,11998,1,2,1,1,1,1,4,34,2,2,1,2,1,2,1,2
275,4,9,2,3,2697,1,3,1,3,1,2,1,32,2,2,1,3,2,1,1,1
276,4,18,4,3,2404,1,3,2,2,1,2,3,26,2,2,2,3,1,1,1,1
277,1,12,2,2,1262,5,5,2,1,1,4,2,49,2,2,1,2,1,2,1,1
278,4,6,2,2,4611,1,2,1,2,1,4,2,32,2,2,1,3,1,1,1,2
279,4,24,2,3,1901,2,3,4,3,1,4,3,29,2,1,1,4,1,2,1,1
280,4,15,4,1,3368,4,5,3,3,1,4,4,23,2,1,2,3,1,2,1,1
281,4,12,2,2,1574,1,3,4,3,1,2,1,50,2,2,1,3,1,1,1,1
282,3,18,1,3,1445,5,4,4,3,1,4,3,49,1,2,1,2,1,1,1,1
283,4,15,4,2,1520,5,5,4,3,1,4,2,63,2,2,1,3,1,1,1,1
284,2,24,4,0,3878,2,2,4,1,1,2,3,37,2,2,1,3,1,2,1,1
285,1,47,2,0,10722,1,2,1,2,1,1,1,35,2,2,1,2,1,2,1,1
286,1,48,2,1,4788,1,4,4,3,1,3,2,26,2,2,1,3,2,1,1,1
287,2,48,3,10,7582,2,1,2,3,1,4,4,31,2,3,1,4,1,2,1,1
288,2,12,2,3,1092,1,3,4,2,3,4,1,49,2,2,2,3,1,2,1,1
289,1,24,3,3,1024,1,2,4,4,1,4,1,48,2,2,1,3,1,1,1,2
290,4,12,2,9,1076,1,3,2,4,1,2,1,26,2,2,1,3,1,2,2,1
291,2,36,2,1,9398,1,2,1,4,1,4,3,28,2,1,1,4,1,2,1,2
292,1,24,4,1,6419,1,5,2,2,1,4,4,44,2,3,2,4,2,2,1,1
293,3,42,4,1,4796,1,5,4,3,1,4,4,56,2,3,1,3,1,1,1,1
294,4,48,4,9,7629,5,5,4,1,1,2,3,46,1,2,2,4,2,1,1,1
295,2,48,2,2,9960,1,2,1,2,1,2,3,26,2,2,1,3,1,2,1,2
296,4,12,2,1,4675,5,2,1,2,1,4,3,20,2,1,1,3,1,1,1,1
297,4,10,2,0,1287,5,5,4,3,2,2,2,45,2,2,1,2,1,1,2,1
298,4,18,2,2,2515,1,3,3,3,1,4,1,43,2,2,1,3,1,2,1,1
299,2,21,4,2,2745,4,4,3,3,1,2,3,32,2,2,2,3,1,2,1,1
300,4,6,2,0,672,1,1,1,2,1,4,1,54,2,2,1,1,1,2,1,1
301,2,36,0,3,3804,1,3,4,2,1,1,3,42,2,2,1,3,1,2,1,2
302,3,24,4,0,1344,5,4,4,3,1,2,1,37,1,2,2,2,2,1,1,2
303,1,10,4,0,1038,1,4,4,3,2,3,2,49,2,2,2,3,1,2,1,1
304,4,48,4,0,10127,3,3,2,3,1,2,4,44,1,3,1,3,1,1,1,2
305,4,6,2,2,1543,4,3,4,1,1,2,1,33,2,2,1,3,1,1,1,1
306,4,30,2,1,4811,5,4,2,2,1,4,2,24,2,1,1,2,1,1,1,1
307,1,12,2,3,727,2,2,4,4,1,3,4,33,2,2,1,2,1,2,1,2
308,2,8,2,2,1237,1,3,3,2,1,4,1,24,2,2,1,3,1,1,1,2
309,2,9,2,0,276,1,3,4,4,1,4,1,22,2,1,1,2,1,1,1,1
310,2,48,2,10,5381,5,1,3,3,1,4,4,40,1,3,1,1,1,2,1,1
311,4,24,2,2,5511,2,3,4,3,1,1,3,25,2,2,1,3,1,1,1,1
312,3,24,2,2,3749,1,2,2,2,1,4,3,26,2,2,1,3,1,1,1,1
313,2,12,2,0,685,1,4,2,4,1,3,3,25,1,2,1,2,1,1,1,2
314,3,4,2,0,1494,5,2,1,3,1,2,1,29,2,2,1,2,2,1,2,1
315,1,36,1,2,2746,1,5,4,3,1,4,3,31,1,2,1,3,1,1,1,2
316,1,12,2,2,708,1,3,2,3,3,3,2,38,2,2,1,2,2,1,1,1
317,2,24,2,2,4351,5,3,1,2,1,4,2,48,2,2,1,2,1,2,1,1
318,4,12,4,6,701,1,3,4,3,1,2,3,32,2,2,2,3,1,1,1,1
319,1,15,3,2,3643,1,5,1,2,1,4,2,27,2,2,2,2,1,1,1,1
320,2,30,4,0,4249,1,1,4,4,1,2,3,28,2,2,2,4,1,1,1,2
321,1,24,2,3,1938,1,2,4,1,1,3,2,32,2,2,1,3,1,1,1,2
322,1,24,2,1,2910,1,4,2,3,1,1,4,34,2,3,1,4,1,2,1,1
323,1,18,2,2,2659,4,3,4,3,1,2,3,28,2,2,1,3,1,1,1,1
324,4,18,4,0,1028,1,3,4,2,1,3,1,36,2,2,2,3,1,1,1,1
325,1,8,4,0,3398,1,4,1,3,1,4,1,39,2,2,2,2,1,1,2,1
326,4,12,4,2,5801,5,5,2,3,1,4,2,49,2,1,1,3,1,2,1,1
327,4,24,2,0,1525,4,4,4,2,1,3,3,34,2,2,1,3,2,2,1,1
328,3,36,2,3,4473,1,5,4,3,1,2,3,31,2,2,1,3,1,1,1,1
329,2,6,2,3,1068,1,5,4,3,1,4,3,28,2,2,1,3,2,1,1,1
330,1,24,4,1,6615,1,1,2,3,1,4,4,75,2,3,2,4,1,2,1,1
331,4,18,4,6,1864,2,3,4,2,1,2,1,30,2,2,2,3,1,1,1,2
332,2,60,2,0,7408,2,2,4,2,1,2,2,24,2,2,1,4,1,1,1,2
333,4,48,4,1,11590,2,3,2,2,1,4,3,24,1,1,2,2,1,1,1,2
334,1,24,0,2,4110,1,5,3,3,1,4,4,23,1,1,2,3,2,1,1,2
335,1,6,4,2,3384,1,3,1,1,1,4,1,44,2,1,1,4,1,2,1,2
336,2,13,2,3,2101,1,2,2,2,3,4,2,23,2,2,1,2,1,1,1,1
337,1,15,2,4,1275,5,3,4,2,1,2,3,24,2,1,1,3,1,1,1,2
338,1,24,2,2,4169,1,3,4,3,1,4,2,28,2,2,1,3,1,1,1,1
339,2,10,2,2,1521,1,3,4,1,1,2,3,31,2,2,1,2,1,1,1,1
340,2,24,4,6,5743,1,2,2,2,1,4,4,24,2,3,2,3,1,2,1,1
341,1,21,2,2,3599,1,4,1,2,1,4,3,26,2,1,1,2,1,1,1,1
342,2,18,2,3,3213,3,2,1,4,1,3,1,25,2,1,1,3,1,1,1,1
343,2,18,2,9,4439,1,5,1,3,2,1,1,33,1,2,1,4,1,2,1,1
344,3,10,2,0,3949,1,2,1,3,3,1,2,37,2,2,1,2,2,1,1,1
345,4,15,4,3,1459,1,3,4,2,1,2,3,43,2,2,1,2,1,1,1,1
346,2,13,4,3,882,1,2,4,3,3,4,1,23,2,2,2,3,1,1,1,1
347,2,24,2,3,3758,3,1,1,2,1,4,4,23,2,1,1,1,1,1,1,1
348,4,6,3,9,1743,2,3,1,3,1,2,1,34,2,2,2,2,1,1,1,1
349,2,9,4,6,1136,4,5,4,3,1,3,4,32,2,3,2,3,2,1,1,2
350,4,9,2,4,1236,1,2,1,2,1,4,1,23,2,1,1,3,1,2,1,1
351,2,9,2,2,959,1,3,1,2,1,2,3,29,2,2,1,3,1,1,2,2
352,4,18,4,1,3229,5,1,2,3,1,4,4,38,2,2,1,4,1,2,1,1
353,1,12,0,3,6199,1,3,4,3,1,2,2,28,2,1,2,3,1,2,1,2
354,4,10,2,6,727,3,5,4,3,1,4,4,46,2,3,1,3,1,2,1,1
355,2,24,2,0,1246,1,2,4,3,1,2,1,23,2,2,1,2,1,1,1,2
356,4,12,4,3,2331,5,5,1,3,2,4,1,49,2,2,1,3,1,2,1,1
357,4,36,3,3,4463,1,3,4,3,1,2,3,26,2,2,2,4,1,2,1,2
358,4,12,2,3,776,1,3,4,4,1,2,1,28,2,2,1,3,1,1,1,1
359,1,30,2,2,2406,1,4,4,2,1,4,1,23,2,1,1,3,1,1,1,2
360,2,18,2,6,1239,5,3,4,3,1,4,4,61,2,3,1,3,1,1,1,1
361,3,12,2,3,3399,5,5,2,3,1,3,3,37,2,2,1,4,1,1,1,1
362,3,12,3,0,2247,1,3,2,2,1,2,3,36,2,2,2,3,1,2,1,1
363,4,6,2,2,1766,1,3,1,4,1,2,2,21,2,1,1,3,1,1,1,1
364,1,18,2,2,2473,1,1,4,3,1,1,3,25,2,2,1,1,1,1,1,2
365,4,12,2,9,1542,1,4,2,3,1,4,3,36,2,2,1,3,1,2,1,1
366,4,18,4,1,3850,1,4,3,3,1,1,3,27,2,2,2,3,1,1,1,1
367,1,18,2,2,3650,1,2,1,2,1,4,3,22,2,1,1,3,1,1,1,1
368,1,36,2,2,3446,1,5,4,3,1,2,3,42,2,2,1,3,2,1,1,2
369,2,18,2,2,3001,1,4,2,2,1,4,1,40,2,1,1,3,1,1,1,1
370,4,36,2,0,3079,5,3,4,3,1,4,1,36,2,2,1,3,1,1,1,1
371,4,18,4,3,6070,1,5,3,3,1,4,3,33,2,2,2,3,1,2,1,1
372,4,10,4,2,2146,1,2,1,2,1,3,1,23,2,1,2,3,1,1,1,1
373,4,60,4,0,13756,5,5,2,3,1,4,4,63,1,3,1,4,1,2,1,1
374,2,60,1,10,14782,2,5,3,2,1,4,4,60,1,3,2,4,1,2,1,2
375,1,48,1,9,7685,1,4,2,2,3,4,3,37,2,1,1,3,1,1,1,2
376,4,18,3,3,2320,1,1,2,4,1,3,1,34,2,2,2,3,1,1,1,1
377,4,7,3,3,846,5,5,3,3,1,4,4,36,2,3,1,3,1,1,1,1
378,2,36,2,0,14318,1,5,4,3,1,2,4,57,2,3,1,4,1,2,1,2
379,4,6,4,0,362,2,3,4,2,1,4,3,52,2,2,2,2,1,1,1,1
380,1,20,2,2,2212,5,4,4,3,1,4,3,39,2,2,1,3,1,2,1,1
381,2,18,2,1,12976,1,1,3,2,1,4,4,38,2,3,1,4,1,2,1,2
382,4,22,2,0,1283,5,4,4,2,1,4,2,25,2,1,1,3,1,1,1,1
383,3,12,2,0,1330,1,2,4,3,1,1,1,26,2,2,1,3,1,1,1,1
384,4,30,3,9,4272,2,3,2,3,1,2,2,26,2,2,2,2,1,1,1,1
385,4,18,4,3,2238,1,3,2,2,1,1,3,25,2,2,2,3,1,1,1,1
386,4,18,2,3,1126,5,2,4,2,1,2,1,21,2,1,1,3,1,2,1,1
387,2,18,4,2,7374,1,1,4,3,1,4,2,40,2,2,2,4,1,2,1,1
388,2,15,4,9,2326,3,3,2,3,1,4,3,27,1,2,1,3,1,1,1,1
389,4,9,2,9,1449,1,4,3,2,1,2,3,27,2,2,2,3,1,1,1,1
390,4,18,2,0,1820,1,3,2,4,1,2,2,30,2,2,1,4,1,2,1,1
391,2,12,2,2,983,4,2,1,2,1,4,1,19,2,1,1,2,1,1,1,1
392,1,36,2,0,3249,1,4,2,3,1,4,4,39,1,3,1,4,2,2,1,1
393,1,6,4,3,1957,1,4,1,2,1,4,3,31,2,2,1,3,1,1,1,1
394,4,9,4,2,2406,1,1,2,3,1,3,3,31,2,2,1,4,1,1,1,1
395,2,39,3,6,11760,2,4,2,3,1,3,4,32,2,1,1,3,1,2,1,1
396,1,12,2,2,2578,1,1,3,2,1,4,4,55,2,3,1,4,1,1,1,1
397,1,36,4,2,2348,1,3,3,4,1,2,2,46,2,2,2,3,1,2,1,1
398,2,12,2,0,1223,1,5,1,1,1,1,1,46,2,1,2,3,1,1,1,2
399,4,24,4,3,1516,4,3,4,2,1,1,1,43,2,2,2,2,1,1,1,1
400,4,18,2,3,1473,1,2,3,4,1,4,1,39,2,2,1,3,1,2,1,1
401,2,18,4,9,1887,5,3,4,4,1,4,1,28,1,2,2,3,1,1,1,1
402,4,24,3,9,8648,1,2,2,3,1,2,3,27,1,2,2,3,1,2,1,2
403,4,14,3,0,802,1,3,4,3,1,2,3,27,2,2,2,2,1,1,1,1
404,2,18,3,0,2899,5,5,4,3,1,4,3,43,2,2,1,3,2,1,1,1
405,2,24,2,3,2039,1,2,1,4,1,1,2,22,2,2,1,3,1,2,1,2
406,4,24,4,1,2197,5,4,4,3,1,4,3,43,2,2,2,3,2,2,1,1
407,1,15,2,3,1053,1,2,4,4,1,2,1,27,2,2,1,3,1,1,2,1
408,4,24,2,3,3235,3,5,3,1,1,2,3,26,2,2,1,4,1,2,1,1
409,3,12,4,0,939,3,4,4,4,1,2,1,28,2,2,3,3,1,2,1,2
410,2,24,2,3,1967,1,5,4,2,1,4,3,20,2,2,1,3,1,2,1,1
411,4,33,4,1,7253,1,4,3,3,1,2,3,35,2,2,2,4,1,2,1,1
412,4,12,4,9,2292,1,1,4,3,1,2,3,42,2,2,2,4,1,2,1,2
413,4,10,2,0,1597,3,3,3,3,1,2,4,40,2,1,1,2,2,1,2,1
414,1,24,2,0,1381,5,3,4,2,1,2,2,35,2,2,1,3,1,1,1,2
415,4,36,4,1,5842,1,5,2,3,1,2,2,35,2,2,2,3,2,2,1,1
416,1,12,2,0,2579,1,2,4,3,1,1,1,33,2,2,1,2,2,1,1,2
417,1,18,3,6,8471,5,3,1,2,1,2,3,23,2,1,2,3,1,2,1,1
418,4,21,2,0,2782,3,4,1,2,1,2,3,31,1,2,1,4,1,1,1,1
419,2,18,2,0,1042,5,3,4,2,1,2,2,33,2,2,1,3,1,1,1,2
420,4,15,2,0,3186,4,4,2,2,1,3,3,20,2,1,1,3,1,1,1,1
421,2,12,2,1,2028,5,3,4,3,1,2,3,30,2,2,1,3,1,1,1,1
422,2,12,4,0,958,1,4,2,3,1,3,1,47,2,2,2,2,2,1,1,1
423,4,21,3,2,1591,2,4,4,3,1,3,1,34,2,2,2,4,1,1,1,1
424,2,12,2,2,2762,5,5,1,2,1,2,2,25,1,2,1,3,1,2,1,2
425,2,18,2,1,2779,1,3,1,4,1,3,3,21,2,1,1,3,1,2,1,1
426,4,28,4,3,2743,1,5,4,3,1,2,3,29,2,2,2,3,1,1,1,1
427,4,18,4,3,1149,4,3,4,3,1,3,1,46,2,2,2,3,1,1,1,1
428,4,9,2,2,1313,1,5,1,3,1,4,3,20,2,2,1,3,1,1,1,1
429,1,18,4,5,1190,1,1,2,2,1,4,4,55,2,3,3,1,2,1,1,2
430,4,5,2,9,3448,1,4,1,3,1,4,1,74,2,2,1,2,1,1,1,1
431,2,24,2,10,11328,1,3,2,3,2,3,3,29,1,2,2,4,1,2,1,2
432,1,6,4,2,1872,1,1,4,3,1,4,4,36,2,3,3,4,1,2,1,1
433,4,24,4,5,2058,1,3,4,1,1,2,1,33,2,2,2,3,1,2,1,1
434,1,9,2,2,2136,1,3,3,3,1,2,1,25,2,2,1,3,1,1,1,1
435,2,12,2,3,1484,5,3,2,4,1,1,1,25,2,2,1,3,1,2,1,2
436,4,6,2,5,660,3,4,2,4,1,4,1,23,2,1,1,2,1,1,1,1
437,4,24,4,0,1287,4,5,4,2,1,4,1,37,2,2,2,3,1,2,1,1
438,1,42,4,5,3394,1,1,4,3,2,4,3,65,2,2,2,1,1,1,1,1
439,3,12,1,9,609,1,2,4,2,1,1,1,26,2,2,1,1,1,1,1,2
440,4,12,2,0,1884,1,5,4,3,1,4,3,39,2,2,1,4,1,2,1,1
441,1,12,2,2,1620,1,3,2,2,2,3,2,30,2,2,1,3,1,1,1,1
442,2,20,3,10,2629,1,3,2,3,1,3,3,29,1,2,2,3,1,2,1,1
443,4,12,2,6,719,1,5,4,3,1,4,3,41,1,2,1,2,2,1,1,2
444,2,48,4,2,5096,1,3,2,2,1,3,3,30,2,2,1,4,1,2,1,2
445,4,9,4,6,1244,5,5,4,2,1,4,2,41,2,1,2,2,1,1,1,1
446,1,36,2,0,1842,1,2,4,2,1,4,3,34,2,2,1,3,1,2,1,2
447,2,7,2,3,2576,1,3,2,3,3,2,1,35,2,2,1,3,1,1,1,1
448,3,12,2,2,1424,5,5,3,2,1,4,1,55,2,2,1,4,1,2,1,1
449,2,15,3,5,1512,4,3,3,4,1,3,2,61,2,2,2,3,1,1,1,2
450,4,36,4,1,11054,5,3,4,3,1,2,3,30,2,2,1,4,1,2,1,1
451,4,6,2,3,518,1,3,3,2,1,1,1,29,2,2,1,3,1,1,1,1
452,4,12,0,2,2759,1,5,2,3,1,4,2,34,2,2,2,3,1,1,1,1
453,4,24,2,1,2670,1,5,4,3,1,4,3,35,2,2,1,4,1,2,1,1
454,1,24,2,0,4817,1,4,2,3,2,3,2,31,2,2,1,3,1,2,1,2
455,4,24,2,1,2679,1,2,4,2,1,1,4,29,2,2,1,4,1,2,1,1
456,1,11,4,0,3905,1,3,2,3,1,2,1,36,2,1,2,3,2,1,1,1
457,1,12,2,1,3386,1,5,3,3,1,4,4,35,2,3,1,3,1,2,1,2
458,1,6,2,4,343,1,2,4,2,1,1,1,27,2,2,1,3,1,1,1,1
459,4,18,2,3,4594,1,2,3,3,1,2,3,32,2,2,1,3,1,2,1,1
460,1,36,2,2,3620,1,3,1,3,3,2,2,37,2,2,1,3,2,1,1,1
461,1,15,2,0,1721,1,2,2,3,1,3,1,36,2,2,1,3,1,1,1,1
462,2,12,2,2,3017,1,2,3,2,1,1,1,34,2,1,1,4,1,1,1,1
463,2,12,2,8,754,5,5,4,3,1,4,2,38,2,2,2,3,1,1,1,1
464,4,18,2,9,1950,1,4,4,3,1,1,3,34,2,2,2,3,1,2,1,1
465,1,24,2,1,2924,1,3,3,3,3,4,4,63,1,2,1,3,2,2,1,1
466,1,24,3,3,1659,1,2,4,2,1,2,3,29,2,1,1,2,1,2,1,2
467,4,48,3,3,7238,5,5,3,3,1,3,3,32,1,2,2,3,2,1,1,1
468,4,33,3,9,2764,1,3,2,2,1,2,3,26,2,2,2,3,1,2,1,1
469,4,24,3,1,4679,1,4,3,3,1,3,3,35,2,2,2,2,1,2,1,1
470,2,24,2,3,3092,2,2,3,4,1,2,3,22,2,1,1,3,1,2,1,2
471,1,6,2,6,448,1,2,4,2,1,4,2,23,2,2,1,3,1,1,1,2
472,1,9,2,0,654,1,3,4,3,1,3,3,28,2,2,1,2,1,1,1,2
473,4,6,2,8,1238,5,1,4,3,1,4,2,36,2,2,1,4,2,2,1,1
474,2,18,4,3,1245,1,3,4,4,1,2,3,33,2,2,1,3,1,1,1,2
475,1,18,0,2,3114,1,2,1,2,1,4,2,26,2,1,1,3,1,1,1,2
476,4,39,2,1,2569,3,3,4,3,1,4,3,24,2,2,1,3,1,1,1,1
477,3,24,2,3,5152,1,4,4,3,1,2,3,25,1,2,1,3,1,1,1,1
478,2,12,2,9,1037,2,4,3,3,1,4,1,39,2,2,1,2,1,1,1,1
479,1,15,4,2,1478,1,5,4,3,1,4,3,44,2,2,2,3,2,2,1,1
480,2,12,4,3,3573,1,3,1,2,1,1,1,23,2,2,1,2,1,1,1,1
481,2,24,2,0,1201,1,2,4,3,1,1,2,26,2,2,1,3,1,1,1,1
482,1,30,2,2,3622,4,5,4,2,1,4,2,57,2,1,2,3,1,2,1,1
483,4,15,3,2,960,4,4,3,2,1,2,2,30,2,2,2,3,1,1,1,1
484,4,12,4,0,1163,3,3,4,3,1,4,1,44,2,2,1,3,1,2,1,1
485,2,6,3,0,1209,1,1,4,3,1,4,2,47,2,2,1,4,1,2,1,2
486,4,12,2,3,3077,1,3,2,3,1,4,3,52,2,2,1,3,1,2,1,1
487,4,24,2,0,3757,1,5,4,2,2,4,4,62,2,3,1,3,1,2,1,1
488,4,10,2,0,1418,2,3,3,3,1,2,1,35,2,1,1,2,1,1,2,1
489,4,6,2,0,3518,1,3,2,3,3,3,2,26,2,1,1,3,1,1,1,1
490,4,12,4,3,1934,1,5,2,3,1,2,4,26,2,2,2,3,1,1,1,1
491,2,27,0,9,8318,1,5,2,2,1,4,4,42,2,3,2,4,1,2,1,2
492,4,6,4,3,1237,2,3,1,2,1,1,2,27,2,2,2,3,1,1,1,1
493,2,6,2,3,368,5,5,4,3,1,4,2,38,2,2,1,3,1,1,1,1
494,1,12,4,0,2122,1,3,3,3,1,2,1,39,2,1,2,2,2,1,2,1
495,1,24,2,2,2996,5,3,2,4,1,4,3,20,2,2,1,3,1,1,1,2
496,2,36,2,2,9034,2,2,4,3,2,1,4,29,2,1,1,4,1,2,1,2
497,4,24,4,2,1585,1,4,4,3,1,3,2,40,2,2,2,3,1,1,1,1
498,2,18,2,3,1301,1,5,4,4,3,2,1,32,2,2,1,2,1,1,1,1
499,3,6,4,0,1323,2,5,2,1,1,4,3,28,2,2,2,3,2,2,1,1
500,1,24,2,0,3123,1,2,4,2,1,1,2,27,2,2,1,3,1,1,1,2
501,1,36,2,1,5493,1,5,2,3,1,4,4,42,2,3,1,3,2,1,1,1
502,3,9,2,3,1126,2,5,2,1,1,4,1,49,2,2,1,3,1,1,1,1
503,2,24,4,3,1216,2,2,4,3,1,4,4,38,1,2,2,3,2,1,1,2
504,1,24,2,0,1207,1,2,4,2,1,4,2,24,2,1,1,3,1,1,1,2
505,4,10,2,0,1309,5,3,4,3,3,4,2,27,2,2,1,2,1,1,1,2
506,3,15,4,1,2360,3,3,2,3,1,2,3,36,2,2,1,3,1,2,1,1
507,2,15,1,0,6850,2,1,1,3,1,2,2,34,2,2,1,4,2,2,1,2
508,4,24,2,3,1413,1,3,4,4,1,2,2,28,2,2,1,3,1,1,1,1
509,4,39,2,1,8588,2,5,4,3,1,2,3,45,2,2,1,4,1,2,1,1
510,1,12,2,0,759,1,4,4,3,1,2,1,26,2,2,1,3,1,1,1,2
511,4,36,2,1,4686,1,3,2,3,1,2,4,32,2,3,1,4,1,2,1,1
512,3,15,2,9,2687,1,4,2,3,1,4,2,26,2,1,1,3,1,2,1,1
513,2,12,3,3,585,1,3,4,4,2,4,1,20,2,1,2,3,1,1,1,1
514,4,24,2,0,2255,5,2,4,3,1,1,2,54,2,2,1,3,1,1,1,1
515,1,6,4,0,609,1,4,4,2,1,3,2,37,2,2,2,3,1,1,2,1
516,1,6,4,0,1361,1,2,2,3,1,4,1,40,2,2,1,2,2,1,2,1
517,4,36,4,2,7127,1,2,2,2,1,4,2,23,2,1,2,3,1,2,1,2
518,1,6,2,0,1203,2,5,3,3,1,2,2,43,2,2,1,3,1,2,1,1
519,4,6,4,3,700,5,5,4,3,1,4,4,36,2,3,2,3,1,1,1,1
520,4,24,4,5,5507,1,5,3,3,1,4,4,44,2,3,2,3,1,1,1,1
521,1,18,2,3,3190,1,3,2,2,1,2,1,24,2,2,1,3,1,1,1,2
522,1,48,0,2,7119,1,3,3,3,1,4,4,53,2,3,2,3,2,1,1,2
523,4,24,2,1,3488,2,4,3,2,1,4,3,23,2,2,1,3,1,1,1,1
524,2,18,2,3,1113,1,3,4,2,3,4,1,26,2,2,1,2,2,1,1,1
525,2,26,2,1,7966,1,2,2,3,1,3,3,30,2,2,2,3,1,1,1,1
526,4,15,4,6,1532,2,3,4,2,1,3,3,31,2,2,1,3,1,1,1,1
527,4,4,4,3,1503,1,4,2,3,1,1,1,42,2,2,2,2,2,1,1,1
528,1,36,2,3,2302,1,3,4,1,1,4,3,31,2,1,1,3,1,1,1,2
529,1,6,2,0,662,1,2,3,3,1,4,1,41,2,2,1,2,2,2,1,1
530,2,36,2,6,2273,1,4,3,3,1,1,3,32,2,2,2,3,2,1,1,1
531,2,15,2,0,2631,2,3,2,2,1,4,3,28,2,1,2,3,1,2,1,2
532,4,12,3,1,1503,1,3,4,4,1,4,1,41,2,1,1,3,1,1,1,1
533,4,24,2,3,1311,2,4,4,4,1,3,2,26,2,2,1,3,1,2,1,1
534,4,24,2,3,3105,5,2,4,3,1,2,3,25,2,2,2,3,1,1,1,1
535,3,21,4,6,2319,1,2,2,1,1,1,3,33,2,1,1,3,1,1,1,2
536,1,6,2,0,1374,5,1,4,2,1,3,2,75,2,2,1,4,1,2,1,1
537,2,18,4,2,3612,1,5,3,2,1,4,2,37,2,2,1,3,1,2,1,1
538,1,48,2,0,7763,1,5,4,3,1,4,4,42,1,3,1,4,1,1,1,2
539,3,18,2,2,3049,1,2,1,2,1,1,2,45,2,2,1,2,1,1,1,1
540,2,12,2,3,1534,1,2,1,4,1,1,1,23,2,1,1,3,1,1,1,2
541,4,24,3,0,2032,1,5,4,3,1,4,4,60,2,3,2,3,1,2,1,1
542,1,30,2,2,6350,5,5,4,3,1,4,2,31,2,2,1,3,1,1,1,2
543,3,18,2,2,2864,1,3,2,3,1,1,1,34,2,2,1,2,2,1,1,2
544,4,12,4,0,1255,1,5,4,3,1,4,1,61,2,2,2,2,1,1,1,1
545,1,24,3,0,1333,1,1,4,3,1,2,1,43,2,3,2,3,2,1,1,2
546,4,24,4,0,2022,1,3,4,2,1,4,3,37,2,2,1,3,1,2,1,1
547,4,24,2,3,1552,1,4,3,3,1,1,3,32,1,2,1,3,2,1,1,1
548,1,12,1,3,626,1,3,4,2,1,4,1,24,1,2,1,2,1,1,1,2
549,4,48,4,1,8858,5,4,2,3,1,1,4,35,2,3,2,3,1,2,1,1
550,4,12,4,5,996,5,4,4,2,1,4,1,23,2,2,2,3,1,1,1,1
551,4,6,1,3,1750,3,5,2,3,1,4,2,45,1,2,1,2,2,1,1,1
552,1,48,2,3,6999,1,4,1,4,3,1,1,34,2,2,2,3,1,2,1,2
553,2,12,4,0,1995,2,2,4,3,1,1,3,27,2,2,1,3,1,1,1,1
554,2,9,2,6,1199,1,4,4,2,1,4,2,67,2,2,2,4,1,2,1,1
555,2,12,2,3,1331,1,2,2,3,1,1,3,22,2,2,1,3,1,1,1,2
556,2,18,0,0,2278,2,2,3,2,1,3,3,28,2,2,2,3,1,1,1,2
557,4,21,0,0,5003,5,3,1,2,1,4,2,29,1,2,2,3,1,2,1,2
558,1,24,1,2,3552,1,4,3,3,1,4,3,27,1,2,1,3,1,1,1,2
559,2,18,4,2,1928,1,2,2,3,1,2,1,31,2,2,2,2,1,1,1,2
560,1,24,2,1,2964,5,5,4,3,1,4,4,49,1,3,1,3,2,2,1,1
561,1,24,1,3,1546,1,4,4,3,3,4,3,24,1,1,1,2,1,1,1,2
562,3,6,3,3,683,1,2,2,2,1,1,2,29,1,2,1,3,1,1,1,1
563,2,36,2,0,12389,5,3,1,3,1,4,4,37,2,3,1,3,1,2,1,2
564,2,24,3,9,4712,5,3,4,3,1,2,2,37,1,2,2,4,1,2,1,1
565,2,24,3,3,1553,2,4,3,2,1,2,2,23,2,1,2,3,1,2,1,1
566,1,12,2,0,1372,1,4,2,1,1,3,3,36,2,2,1,3,1,1,1,2
567,4,24,4,3,2578,4,5,2,3,1,2,3,34,2,2,1,3,1,1,1,1
568,2,48,2,3,3979,5,4,4,3,1,1,3,41,2,2,2,3,2,2,1,1
569,1,48,2,3,6758,1,3,3,2,1,2,3,31,2,2,1,3,1,2,1,2
570,1,24,2,2,3234,1,2,4,2,1,4,1,23,2,1,1,2,1,2,1,2
571,4,30,4,3,5954,1,4,3,3,2,2,3,38,2,2,1,3,1,1,1,1
572,4,24,2,1,5433,5,1,2,2,1,4,2,26,2,1,1,4,1,2,1,1
573,1,15,2,9,806,1,3,4,2,1,4,2,22,2,2,1,2,1,1,1,1
574,2,9,2,3,1082,1,5,4,3,1,4,3,27,2,2,2,2,1,1,1,1
575,4,15,4,2,2788,1,4,2,2,2,3,3,24,1,2,2,3,1,1,1,1
576,2,12,2,3,2930,1,4,2,2,1,1,1,27,2,2,1,3,1,1,1,1
577,4,24,4,6,1927,5,3,3,2,1,2,3,33,2,2,2,3,1,2,1,1
578,2,36,4,0,2820,1,2,4,1,1,4,3,27,2,2,2,3,1,1,1,2
579,4,24,2,8,937,1,2,4,4,1,3,3,27,2,2,2,2,1,1,1,1
580,2,18,4,0,1056,1,5,3,3,3,3,1,30,1,2,2,3,1,1,1,2
581,2,12,4,0,3124,1,2,1,3,1,3,1,49,1,2,2,2,2,1,1,1
582,4,9,2,2,1388,1,3,4,2,1,2,1,26,2,1,1,3,1,1,1,1
583,2,36,2,5,2384,1,2,4,3,1,1,4,33,2,1,1,2,1,1,1,2
584,4,12,2,0,2133,5,5,4,2,1,4,4,52,2,3,1,4,1,2,1,1
585,1,18,2,2,2039,1,3,1,2,1,4,1,20,1,1,1,3,1,1,1,2
586,1,9,4,0,2799,1,3,2,3,1,2,1,36,2,1,2,3,2,1,1,1
587,1,12,2,2,1289,1,3,4,3,3,1,2,21,2,2,1,2,1,1,1,1
588,1,18,2,4,1217,1,3,4,4,1,3,1,47,2,2,1,2,1,2,1,2
589,1,12,4,2,2246,1,5,3,3,1,3,2,60,2,2,2,3,1,1,1,2
590,1,12,4,3,385,1,4,4,2,1,3,1,58,2,2,4,2,1,2,1,1
591,2,24,3,0,1965,5,3,4,2,1,4,3,42,2,1,2,3,1,2,1,1
592,4,21,2,9,1572,4,5,4,2,1,4,1,36,1,2,1,2,1,1,1,1
593,2,24,2,0,2718,1,3,3,2,1,4,2,20,2,1,1,2,1,2,1,2
594,1,24,1,10,1358,5,5,4,3,1,3,3,40,2,2,1,4,1,2,1,2
595,2,6,1,0,931,2,2,1,2,1,1,2,32,2,2,1,2,1,1,1,2
596,1,24,2,0,1442,1,4,4,2,1,4,3,23,2,1,2,3,1,1,1,2
597,2,24,0,9,4241,1,3,1,3,1,4,1,36,2,2,3,2,1,2,1,2
598,4,18,4,0,2775,1,4,2,3,1,2,2,31,1,2,2,3,1,1,1,2
599,4,24,3,9,3863,1,3,1,3,1,2,4,32,2,3,1,3,1,1,1,1
600,2,7,2,3,2329,1,2,1,2,3,1,1,45,2,2,1,3,1,1,1,1
601,2,9,2,2,918,1,3,4,2,1,1,2,30,2,2,1,3,1,1,1,2
602,2,24,1,6,1837,1,4,4,2,1,4,4,34,1,3,1,2,1,1,1,2
603,4,36,2,2,3349,1,3,4,2,1,2,3,28,2,2,1,4,1,2,1,2
604,3,10,2,2,1275,1,2,4,2,1,2,2,23,2,2,1,3,1,1,1,1
605,1,24,1,2,2828,3,3,4,3,1,4,1,22,2,2,1,3,1,2,1,1
606,4,24,4,9,4526,1,3,3,3,1,2,1,74,2,2,1,4,1,2,1,1
607,2,36,2,3,2671,2,3,4,2,2,4,4,50,2,3,1,3,1,1,1,2
608,4,18,2,3,2051,1,2,4,3,1,1,1,33,2,2,1,3,1,1,1,1
609,4,15,2,1,1300,5,5,4,3,1,4,4,45,1,3,1,3,2,1,1,1
610,1,12,2,4,741,2,1,4,2,1,3,2,22,2,2,1,3,1,1,1,2
611,3,10,2,0,1240,2,5,1,2,1,4,4,48,2,3,1,2,2,1,1,2
612,1,21,2,3,3357,4,2,4,2,1,2,3,29,1,2,1,3,1,1,1,1
613,1,24,1,1,3632,1,3,1,2,3,4,3,22,1,1,1,3,1,1,2,1
614,4,18,3,2,1808,1,4,4,2,1,1,1,22,2,2,1,3,1,1,1,2
615,2,48,0,9,12204,5,3,2,3,1,2,3,48,1,2,1,4,1,2,1,1
616,2,60,3,3,9157,5,3,2,3,1,2,4,27,2,3,1,4,1,1,1,1
617,1,6,4,0,3676,1,3,1,3,1,3,1,37,2,1,3,3,2,1,1,1
618,2,30,2,2,3441,2,3,2,2,2,4,3,21,2,1,1,3,1,1,1,2
619,4,12,2,0,640,1,3,4,1,1,2,1,49,2,2,1,2,1,1,1,1
620,2,21,4,9,3652,1,4,2,3,1,3,2,27,2,2,2,3,1,1,1,1
621,4,18,4,0,1530,1,3,3,3,1,2,2,32,1,2,2,3,1,1,1,2
622,4,48,2,9,3914,5,3,4,1,1,2,1,38,1,2,1,3,1,1,1,2
623,1,12,2,2,1858,1,2,4,2,1,1,3,22,2,1,1,3,1,1,1,1
624,1,18,2,3,2600,1,3,4,3,1,4,4,65,2,3,2,3,1,1,1,2
625,4,15,2,3,1979,5,5,4,3,1,2,3,35,2,2,1,3,1,1,1,1
626,3,6,2,2,2116,1,3,2,3,1,2,1,41,2,2,1,3,1,2,1,1
627,2,9,1,0,1437,2,4,2,3,1,3,4,29,2,2,1,3,1,1,1,2
628,4,42,4,2,4042,3,3,4,3,1,4,1,36,2,2,2,3,1,2,1,1
629,4,9,2,6,3832,5,5,1,3,1,4,1,64,2,2,1,2,1,1,1,1
630,1,24,2,3,3660,1,3,2,2,1,4,3,28,2,2,1,3,1,1,1,1
631,1,18,1,2,1553,1,3,4,3,1,3,3,44,1,2,1,3,1,1,1,2
632,2,15,2,3,1444,5,2,4,3,1,1,2,23,2,2,1,3,1,1,1,1
633,4,9,2,2,1980,1,2,2,2,2,2,3,19,2,1,2,3,1,1,1,2
634,2,24,2,0,1355,1,2,3,2,1,4,3,25,2,2,1,2,1,2,1,2
635,4,12,2,6,1393,1,5,4,3,1,4,2,47,1,2,3,3,2,2,1,1
636,4,24,2,3,1376,3,4,4,2,1,1,3,28,2,2,1,3,1,1,1,1
637,4,60,3,3,15653,1,4,2,3,1,4,3,21,2,2,2,3,1,2,1,1
638,4,12,2,3,1493,1,2,4,2,1,3,3,34,2,2,1,3,2,1,1,1
639,1,42,3,3,4370,1,4,3,3,1,2,2,26,1,2,2,3,2,2,1,2
640,1,18,2,6,750,1,1,4,2,1,1,1,27,2,2,1,1,1,1,1,2
641,2,15,2,5,1308,1,5,4,3,1,4,3,38,2,2,2,2,1,1,1,1
642,4,15,2,6,4623,2,3,3,3,1,2,2,40,2,2,1,4,1,2,1,2
643,4,24,4,3,1851,1,4,4,4,3,2,3,33,2,2,2,3,1,2,1,1
644,1,18,4,3,1880,1,4,4,4,1,1,2,32,2,2,2,4,1,2,1,1
645,4,36,3,9,7980,5,2,4,3,1,4,3,27,2,1,2,3,1,2,1,2
646,1,30,0,2,4583,1,3,2,1,3,2,1,32,2,2,2,3,1,1,1,1
647,4,12,2,0,1386,3,3,2,2,1,2,2,26,2,2,1,3,1,1,1,2
648,3,24,2,0,947,1,4,4,3,1,3,4,38,1,3,1,3,2,1,1,2
649,1,12,2,6,684,1,3,4,3,1,4,3,40,2,1,1,2,2,1,1,2
650,1,48,2,6,7476,1,4,4,3,1,1,4,50,2,3,1,4,1,2,1,1
651,2,12,2,2,1922,1,3,4,3,1,2,2,37,2,2,1,2,1,1,1,2
652,1,24,2,0,2303,1,5,4,3,2,1,1,45,2,2,1,3,1,1,1,2
653,2,36,3,0,8086,2,5,2,3,1,4,3,42,2,2,4,4,1,2,1,2
654,4,24,4,1,2346,1,4,4,3,1,3,3,35,2,2,2,3,1,2,1,1
655,1,14,2,0,3973,1,1,1,3,1,4,4,22,2,3,1,3,1,1,1,1
656,2,12,2,0,888,1,5,4,3,1,4,3,41,1,2,1,2,2,1,1,2
657,4,48,2,3,10222,5,4,4,3,1,3,3,37,2,2,1,3,1,2,1,1
658,2,30,0,9,4221,1,3,2,2,1,1,3,28,2,2,2,3,1,1,1,1
659,2,18,4,2,6361,1,5,2,3,1,1,4,41,2,2,1,3,1,2,1,1
660,3,12,2,3,1297,1,3,3,4,1,4,1,23,2,1,1,3,1,1,1,1
661,1,12,2,0,900,5,3,4,4,1,2,3,23,2,2,1,3,1,1,1,2
662,4,21,2,2,2241,1,5,4,3,1,2,1,50,2,2,2,3,1,1,1,1
663,2,6,3,2,1050,1,1,4,3,1,1,2,35,2,2,2,4,1,2,1,1
664,3,6,4,6,1047,1,3,2,2,1,4,2,50,2,2,1,2,1,1,1,1
665,4,24,4,10,6314,1,1,4,3,2,2,4,27,1,2,2,4,1,2,1,1
666,2,30,1,2,3496,4,3,4,3,1,2,3,34,2,2,1,3,2,2,1,1
667,4,48,1,9,3609,1,3,1,2,1,1,1,27,2,2,1,3,1,1,1,1
668,1,12,4,0,4843,1,5,3,3,2,4,2,43,2,1,2,3,1,2,1,2
669,3,30,4,3,3017,1,5,4,3,1,4,2,47,2,2,1,3,1,1,1,1
670,4,24,4,9,4139,2,3,3,3,1,3,2,27,2,2,2,2,1,2,1,1
671,4,36,2,9,5742,2,4,2,3,1,2,3,31,2,2,2,3,1,2,1,1
672,4,60,2,0,10366,1,5,2,3,1,4,2,42,2,2,1,4,1,2,1,1
673,4,6,4,0,2080,3,3,1,4,1,2,3,24,2,2,1,3,1,1,1,1
674,4,21,3,9,2580,3,2,4,3,1,2,1,41,1,2,1,2,2,1,1,2
675,4,30,4,3,4530,1,4,4,2,1,4,3,26,2,1,1,4,1,2,1,1
676,4,24,4,2,5150,1,5,4,3,1,4,3,33,2,2,1,3,1,2,1,1
677,2,72,2,3,5595,2,3,2,4,1,2,3,24,2,2,1,3,1,1,1,2
678,1,24,2,3,2384,1,5,4,3,1,4,1,64,1,1,1,2,1,1,1,1
679,4,18,2,3,1453,1,2,3,2,1,1,1,26,2,2,1,3,1,1,1,1
680,4,6,2,6,1538,1,2,1,2,1,2,4,56,2,2,1,3,1,1,1,1
681,4,12,2,3,2279,5,3,4,3,1,4,4,37,2,3,1,3,1,2,1,1
682,4,15,3,3,1478,1,3,4,4,1,3,1,33,1,2,2,3,1,1,1,1
683,4,24,4,3,5103,1,2,3,4,1,3,4,47,2,3,3,3,1,2,1,1
684,2,36,3,9,9857,2,4,1,3,1,3,2,31,2,2,2,2,2,2,1,1
685,4,60,2,0,6527,5,3,4,3,1,4,4,34,2,3,1,3,2,2,1,1
686,3,10,4,3,1347,5,4,4,3,1,2,2,27,2,2,2,3,1,2,1,1
687,2,36,3,0,2862,2,5,4,3,1,3,4,30,2,3,1,3,1,1,1,1
688,4,9,2,3,2753,2,5,3,3,2,4,3,35,2,2,1,3,1,2,1,1
689,1,12,2,0,3651,4,3,1,3,1,3,2,31,2,2,1,3,2,1,1,1
690,1,15,4,2,975,1,3,2,1,1,3,2,25,2,2,2,3,1,1,1,1
691,2,15,2,5,2631,2,3,3,2,1,2,1,25,2,2,1,2,1,1,1,1
692,2,24,2,3,2896,2,2,2,3,1,1,3,29,2,2,1,3,1,1,1,1
693,1,6,4,0,4716,5,2,1,3,1,3,1,44,2,2,2,2,2,1,1,1
694,4,24,2,3,2284,1,4,4,3,1,2,3,28,2,2,1,3,1,2,1,1
695,4,6,2,1,1236,3,3,2,3,1,4,2,50,2,1,1,3,1,1,1,1
696,2,12,2,3,1103,1,4,4,3,3,3,1,29,2,2,2,3,1,1,2,1
697,4,12,4,0,926,1,1,1,2,1,2,2,38,2,2,1,1,1,1,1,1
698,4,18,4,3,1800,1,3,4,3,1,2,3,24,2,2,2,3,1,1,1,1
699,3,15,2,6,1905,1,5,4,3,1,4,3,40,2,1,1,4,1,2,1,1
700,4,12,2,2,1123,3,3,4,2,1,4,3,29,2,1,1,2,1,1,1,2
701,1,48,4,1,6331,1,5,4,3,1,4,4,46,2,3,2,3,1,2,1,2
702,3,24,2,3,1377,2,5,4,2,1,2,4,47,2,3,1,3,1,2,1,1
703,2,30,3,9,2503,2,5,4,3,1,2,2,41,2,2,2,3,1,1,1,1
704,2,27,2,9,2528,1,2,4,2,1,1,2,32,2,2,1,3,2,2,1,1
705,4,15,2,0,5324,3,5,1,2,1,4,4,35,2,3,1,3,1,1,1,1
706,2,48,2,0,6560,2,4,3,3,1,2,2,24,2,2,1,3,1,1,1,2
707,2,12,0,2,2969,1,2,4,2,1,3,2,25,2,1,2,3,1,1,1,2
708,2,9,2,3,1206,1,5,4,2,1,4,1,25,2,2,1,3,1,1,1,1
709,2,9,2,3,2118,1,3,2,3,1,2,1,37,2,2,1,2,2,1,1,1
710,4,18,4,3,629,3,5,4,3,1,3,2,32,1,2,2,4,1,2,1,1
711,1,6,1,6,1198,1,5,4,2,1,4,4,35,2,3,1,3,1,1,1,2
712,4,21,2,1,2476,5,5,4,3,1,4,1,46,2,2,1,4,1,2,1,1
713,1,9,4,3,1138,1,3,4,3,1,4,1,25,2,2,2,2,1,1,1,1
714,2,60,2,0,14027,1,4,4,3,1,2,4,27,2,2,1,4,1,2,1,2
715,4,30,4,1,7596,5,5,1,3,1,4,3,63,2,2,2,3,1,1,1,1
716,4,30,4,3,3077,5,5,3,3,1,2,3,40,2,2,2,3,2,2,1,1
717,4,18,2,3,1505,1,3,4,3,1,2,4,32,2,3,1,4,1,2,1,1
718,3,24,4,3,3148,5,3,3,3,1,2,3,31,2,2,2,3,1,2,1,1
719,2,20,0,1,6148,2,5,3,4,1,4,3,31,1,2,2,3,1,2,1,1
720,3,9,0,3,1337,1,2,4,3,1,2,3,34,2,2,2,4,1,2,1,2
721,2,6,1,6,433,4,2,4,2,1,2,2,24,1,1,1,3,2,1,1,2
722,1,12,2,0,1228,1,3,4,2,1,2,1,24,2,2,1,2,1,1,1,2
723,2,9,2,3,790,3,3,4,2,1,3,1,66,2,2,1,2,1,1,1,1
724,4,27,2,0,2570,1,3,3,2,1,3,1,21,2,1,1,3,1,1,1,2
725,4,6,4,0,250,4,3,2,2,1,2,1,41,1,2,2,2,1,1,1,1
726,4,15,4,3,1316,3,3,2,4,1,2,2,47,2,2,2,2,1,1,1,1
727,1,18,2,3,1882,1,3,4,2,1,4,3,25,1,1,2,3,1,1,1,2
728,2,48,1,9,6416,1,5,4,2,1,3,4,59,2,1,1,3,1,1,1,2
729,3,24,4,9,1275,4,3,2,1,1,4,1,36,2,2,2,3,1,2,1,1
730,2,24,3,3,6403,1,2,1,3,1,2,3,33,2,2,1,3,1,1,1,1
731,1,24,2,3,1987,1,3,2,3,1,4,1,21,2,1,1,2,2,1,1,2
732,2,8,2,3,760,1,4,4,2,3,2,1,44,2,2,1,2,1,1,1,1
733,4,24,2,1,2603,4,3,2,2,1,4,3,28,2,1,1,3,1,2,1,1
734,4,4,4,0,3380,1,4,1,2,1,1,1,37,2,2,1,3,2,1,1,1
735,2,36,1,4,3990,5,2,3,2,1,2,4,29,1,2,1,1,1,1,1,1
736,2,24,2,1,11560,1,3,1,2,1,4,3,23,2,1,2,4,1,1,1,2
737,1,18,2,0,4380,2,3,3,3,1,4,3,35,2,2,1,2,2,2,1,1
738,4,6,4,0,6761,1,4,1,3,1,3,4,45,2,2,2,4,2,2,1,1
739,2,30,0,9,4280,2,3,4,2,1,4,3,26,2,1,2,2,1,1,1,2
740,1,24,1,0,2325,2,4,2,3,1,3,3,32,1,2,1,3,1,1,1,1
741,2,10,1,3,1048,1,3,4,3,1,4,1,23,2,2,1,2,1,1,1,1
742,4,21,2,3,3160,5,5,4,3,1,3,2,41,2,2,1,3,1,2,1,1
743,1,24,1,2,2483,3,3,4,3,1,4,1,22,2,2,1,3,1,2,1,1
744,1,39,4,2,14179,5,4,4,3,1,4,2,30,2,2,2,4,1,2,1,1
745,1,13,4,9,1797,1,2,3,3,1,1,2,28,1,2,2,2,1,1,1,1
746,1,15,2,0,2511,1,1,1,2,1,4,3,23,2,1,1,3,1,1,1,1
747,1,12,2,0,1274,1,2,3,2,1,1,1,37,2,2,1,2,1,1,1,2
748,4,21,2,1,5248,5,3,1,3,1,3,3,26,2,2,1,3,1,1,1,1
749,4,15,2,1,3029,1,4,2,3,1,2,3,33,2,2,1,3,1,1,1,1
750,1,6,2,2,428,1,5,2,2,1,1,2,49,1,2,1,3,1,2,1,1
751,1,18,2,0,976,1,2,1,2,1,2,3,23,2,2,1,2,1,1,1,2
752,2,12,2,9,841,2,4,2,2,1,4,1,23,2,1,1,2,1,1,1,1
753,4,30,4,3,5771,1,4,4,2,1,2,3,25,2,2,2,3,1,1,1,1
754,4,12,3,5,1555,4,5,4,3,1,4,4,55,2,3,2,3,2,1,1,2
755,1,24,2,0,1285,5,4,4,2,1,4,4,32,2,1,1,3,1,1,1,2
756,3,6,4,0,1299,1,3,1,3,1,1,1,74,2,2,3,1,2,1,2,1
757,3,15,4,3,1271,5,3,3,3,1,4,4,39,2,3,2,3,1,2,1,2
758,4,24,2,0,1393,1,3,2,3,3,2,1,31,2,2,1,3,1,2,1,1
759,1,12,4,0,691,1,5,4,3,1,3,2,35,2,2,2,3,1,1,1,2
760,4,15,4,0,5045,5,5,1,2,1,4,3,59,2,2,1,3,1,2,1,1
761,1,18,4,2,2124,1,3,4,2,1,4,1,24,2,1,2,3,1,1,1,2
762,1,12,2,3,2214,1,3,4,3,1,3,2,24,2,2,1,2,1,1,1,1
763,4,21,4,0,12680,5,5,4,3,1,4,4,30,2,3,1,4,1,2,1,2
764,4,24,4,0,2463,2,4,4,4,1,3,2,27,2,2,2,3,1,2,1,1
765,2,12,2,3,1155,1,5,3,4,3,3,1,40,1,2,2,2,1,1,1,1
766,1,30,2,2,3108,1,2,2,1,1,4,2,31,2,2,1,2,1,1,1,2
767,4,10,2,1,2901,5,2,1,2,1,4,1,31,2,1,1,3,1,1,1,1
768,2,12,4,2,3617,1,5,1,3,1,4,3,28,2,1,3,3,1,2,1,1
769,4,12,4,3,1655,1,5,2,3,1,4,1,63,2,2,2,2,1,2,1,1
770,1,24,2,1,2812,5,5,2,2,1,4,1,26,2,1,1,3,1,1,1,1
771,1,36,4,6,8065,1,3,3,2,1,2,4,25,2,2,2,4,1,2,1,2
772,4,21,4,1,3275,1,5,1,3,1,4,3,36,2,2,1,4,1,2,1,1
773,4,24,4,3,2223,2,5,4,3,1,4,2,52,1,2,2,3,1,1,1,1
774,3,12,4,0,1480,3,1,2,3,1,4,4,66,1,3,3,1,1,1,1,1
775,1,24,2,0,1371,5,3,4,2,1,4,1,25,2,1,1,3,1,1,1,2
776,4,36,4,0,3535,1,4,4,3,1,4,3,37,2,2,2,3,1,2,1,1
777,1,18,2,3,3509,1,4,4,2,3,1,1,25,2,2,1,3,1,1,1,1
778,4,36,4,1,5711,4,5,4,3,1,2,3,38,2,2,2,4,1,2,1,1
779,2,18,2,5,3872,1,1,2,2,1,4,3,67,2,2,1,3,1,2,1,1
780,2,39,4,3,4933,1,4,2,3,3,2,1,25,2,2,2,3,1,1,1,2
781,4,24,4,0,1940,4,5,4,3,1,4,1,60,2,2,1,3,1,2,1,1
782,2,12,0,8,1410,1,3,2,3,1,2,1,31,2,2,1,2,1,2,1,1
783,2,12,2,0,836,2,2,4,2,1,2,2,23,1,2,1,2,1,1,1,2
784,2,20,2,1,6468,5,1,1,1,1,4,1,60,2,2,1,4,1,2,1,1
785,2,18,2,9,1941,4,3,4,3,1,2,2,35,2,2,1,2,1,2,1,1
786,4,22,2,3,2675,3,5,3,3,1,4,3,40,2,2,1,3,1,1,1,1
787,4,48,4,1,2751,5,5,4,3,1,3,3,38,2,2,2,3,2,2,1,1
788,2,48,3,6,6224,1,5,4,3,1,4,4,50,2,3,1,3,1,1,1,2
789,1,40,4,6,5998,1,3,4,3,1,3,4,27,1,2,1,3,1,2,1,2
790,2,21,2,9,1188,1,5,2,2,1,4,2,39,2,2,1,3,2,1,1,2
791,4,24,2,1,6313,5,5,3,3,1,4,3,41,2,2,1,4,2,2,1,1
792,4,6,4,2,1221,5,3,1,4,1,2,2,27,2,2,2,3,1,1,1,1
793,3,24,2,2,2892,1,5,3,1,1,4,4,51,2,3,1,3,1,1,1,1
794,4,24,2,2,3062,3,5,4,3,1,3,4,32,2,1,1,3,1,2,1,1
795,4,9,2,2,2301,2,2,2,2,1,4,2,22,2,1,1,3,1,1,1,1
796,1,18,2,1,7511,5,5,1,3,1,4,2,51,2,3,1,3,2,2,1,2
797,4,12,4,2,1258,1,2,2,2,1,4,2,22,2,1,2,2,1,1,1,1
798,4,24,3,0,717,5,5,4,4,1,4,3,54,2,2,2,3,1,2,1,1
799,2,9,2,0,1549,5,2,4,3,1,2,1,35,2,2,1,1,1,1,1,1
800,4,24,4,6,1597,1,5,4,3,1,4,4,54,2,3,2,3,2,1,1,1
801,2,18,4,3,1795,1,5,3,2,3,4,1,48,1,1,2,2,1,2,1,1
802,1,20,4,2,4272,1,5,1,2,1,4,2,24,2,2,2,3,1,1,1,1
803,4,12,4,3,976,5,5,4,3,1,4,3,35,2,2,2,3,1,1,1,1
804,2,12,2,0,7472,5,1,1,2,1,2,1,24,2,1,1,1,1,1,1,1
805,1,36,2,0,9271,1,4,2,3,1,1,3,24,2,2,1,3,1,2,1,2
806,2,6,2,3,590,1,2,3,4,1,3,1,26,2,2,1,2,1,1,2,1
807,4,12,4,3,930,5,5,4,3,1,4,1,65,2,2,4,3,1,1,1,1
808,2,42,1,1,9283,1,1,1,3,1,2,4,55,1,3,1,4,1,2,1,1
809,2,15,0,0,1778,1,2,2,2,1,1,1,26,2,1,2,1,1,1,1,2
810,2,8,2,9,907,1,2,3,4,1,2,1,26,2,2,1,3,1,2,1,1
811,2,6,2,3,484,1,4,3,4,3,3,1,28,1,2,1,2,1,1,1,1
812,1,36,4,1,9629,1,4,4,3,1,4,3,24,2,2,2,3,1,2,1,2
813,1,48,2,4,3051,1,3,3,3,1,4,3,54,2,2,1,3,1,1,1,2
814,1,48,2,0,3931,1,4,4,3,1,4,4,46,2,3,1,3,2,1,1,2
815,2,36,3,0,7432,1,3,2,2,1,2,2,54,2,1,1,3,1,1,1,1
816,4,6,2,4,1338,3,3,1,1,1,4,1,62,2,2,1,3,1,1,1,1
817,4,6,4,3,1554,1,4,1,2,1,2,3,24,2,1,2,3,1,2,1,1
818,1,36,2,10,15857,1,1,2,1,2,3,3,43,2,2,1,4,1,1,1,1
819,1,18,2,3,1345,1,3,4,4,1,3,1,26,1,2,1,3,1,1,1,2
820,4,12,2,0,1101,1,3,3,4,1,2,1,27,2,2,2,3,1,2,1,1
821,3,12,2,3,3016,1,3,3,4,1,1,3,24,2,2,1,3,1,1,1,1
822,1,36,2,2,2712,1,5,2,3,1,2,2,41,1,2,1,3,2,1,1,2
823,1,8,4,0,731,1,5,4,3,1,4,1,47,2,2,2,2,1,1,1,1
824,4,18,4,2,3780,1,2,3,1,1,2,3,35,2,2,2,4,1,2,1,1
825,1,21,4,0,1602,1,5,4,4,1,3,3,30,2,2,2,3,1,2,1,1
826,1,18,4,0,3966,1,5,1,2,1,4,1,33,1,1,3,3,1,2,1,2
827,4,18,0,9,4165,1,3,2,3,1,2,3,36,2,2,2,3,2,1,1,2
828,1,36,2,1,8335,5,5,3,3,1,4,4,47,2,3,1,3,1,1,1,2
829,2,48,3,9,6681,5,3,4,3,1,4,4,38,2,3,1,3,2,2,1,1
830,4,24,3,9,2375,3,3,4,3,1,2,3,44,2,2,2,3,2,2,1,1
831,1,18,2,0,1216,1,2,4,2,1,3,3,23,2,1,1,3,1,2,1,2
832,1,45,0,9,11816,1,5,2,3,1,4,3,29,2,1,2,3,1,1,1,2
833,2,24,2,3,5084,5,5,2,2,1,4,3,42,2,2,1,3,1,2,1,1
834,3,15,2,3,2327,1,2,2,2,1,3,1,25,2,2,1,2,1,1,1,2
835,1,12,0,0,1082,1,3,4,3,1,4,3,48,1,2,2,3,1,1,1,2
836,4,12,2,3,886,5,3,4,2,1,2,3,21,2,2,1,3,1,1,1,1
837,4,4,2,2,601,1,2,1,2,1,3,1,23,2,1,1,2,2,1,1,1
838,1,24,4,1,2957,1,5,4,3,1,4,2,63,2,2,2,3,1,2,1,1
839,4,24,4,3,2611,1,5,4,4,2,3,1,46,2,2,2,3,1,1,1,1
840,1,36,2,2,5179,1,4,4,3,1,2,2,29,2,2,1,3,1,1,1,2
841,4,21,3,1,2993,1,3,3,3,1,2,1,28,2,2,2,2,1,1,1,1
842,4,18,2,5,1943,1,2,4,2,1,4,1,23,2,2,1,3,1,1,1,2
843,4,24,1,9,1559,1,4,4,3,1,4,3,50,1,2,1,3,1,2,1,1
844,4,18,2,2,3422,1,5,4,3,1,4,2,47,1,2,3,3,2,2,1,1
845,2,21,2,2,3976,5,4,2,3,1,3,3,35,2,2,1,3,1,2,1,1
846,4,18,2,0,6761,5,3,2,3,1,4,3,68,2,1,2,3,1,1,1,2
847,4,24,2,0,1249,1,2,4,4,1,2,1,28,2,2,1,3,1,1,1,1
848,1,9,2,3,1364,1,4,3,3,1,4,1,59,2,2,1,3,1,1,1,1
849,1,12,2,3,709,1,5,4,3,1,4,1,57,2,2,1,2,1,1,1,2
850,1,20,4,0,2235,1,3,4,4,3,2,2,33,1,1,2,3,1,1,2,2
851,4,24,4,1,4042,5,4,3,3,1,4,2,43,2,2,2,3,1,2,1,1
852,4,15,4,3,1471,1,3,4,3,1,4,4,35,2,3,2,3,1,2,1,1
853,1,18,1,0,1442,1,4,4,3,1,4,4,32,2,3,2,2,2,1,1,2
854,4,36,3,0,10875,1,5,2,3,1,2,3,45,2,2,2,3,2,2,1,1
855,4,24,2,0,1474,2,2,4,4,1,3,1,33,2,2,1,3,1,2,1,1
856,4,10,2,8,894,5,4,4,2,1,3,2,40,2,2,1,3,1,2,1,1
857,4,15,4,2,3343,1,3,4,3,1,2,4,28,2,3,1,3,1,2,1,1
858,1,15,2,0,3959,1,3,3,2,1,2,2,29,2,2,1,3,1,2,1,2
859,4,9,2,0,3577,2,3,1,3,3,2,1,26,2,1,1,3,2,1,2,1
860,4,24,4,1,5804,4,3,4,3,1,2,1,27,2,2,2,3,1,1,1,1
861,4,18,3,9,2169,1,3,4,4,1,2,3,28,2,2,1,3,1,2,1,2
862,1,24,2,3,2439,1,2,4,2,1,4,1,35,2,2,1,3,1,2,1,2
863,4,27,4,2,4526,4,2,4,3,1,2,1,32,2,2,2,2,2,2,1,1
864,4,10,2,2,2210,1,3,2,3,1,2,1,25,1,1,1,2,1,1,1,2
865,4,15,2,2,2221,3,3,2,2,1,4,3,20,2,1,1,3,1,1,1,1
866,1,18,2,3,2389,1,2,4,2,1,1,3,27,2,2,1,3,1,1,1,1
867,4,12,4,2,3331,1,5,2,3,1,4,2,42,2,2,1,3,1,1,1,1
868,4,36,2,9,7409,5,5,3,3,1,2,2,37,2,2,2,3,1,1,1,1
869,1,12,2,2,652,1,5,4,2,1,4,2,24,2,1,1,3,1,1,1,1
870,4,36,3,2,7678,3,4,2,2,1,4,3,40,2,2,2,3,1,2,1,1
871,3,6,4,0,1343,1,5,1,3,1,4,1,46,2,2,2,3,2,1,2,1
872,1,24,4,9,1382,2,4,4,3,1,1,1,26,2,2,2,3,1,2,1,1
873,4,15,2,4,874,5,2,4,2,1,1,1,24,2,2,1,3,1,1,1,1
874,1,12,2,2,3590,1,3,2,3,2,2,2,29,2,2,1,2,2,1,1,1
875,2,11,4,0,1322,4,3,4,2,1,4,3,40,2,2,2,3,1,1,1,1
876,1,18,1,3,1940,1,2,3,3,2,4,4,36,1,3,1,4,1,2,1,1
877,4,36,2,3,3595,1,5,4,3,1,2,3,28,2,2,1,3,1,1,1,1
878,1,9,2,0,1422,1,2,3,3,1,2,4,27,2,3,1,4,1,2,1,2
879,4,30,4,3,6742,5,4,2,3,1,3,2,36,2,2,2,3,1,1,1,1
880,4,24,2,1,7814,1,4,3,3,1,3,3,38,2,2,1,4,1,2,1,1
881,4,24,2,1,9277,5,3,2,1,1,4,4,48,2,3,1,3,1,2,1,1
882,2,30,4,0,2181,5,5,4,3,1,4,1,36,2,2,2,3,1,1,1,1
883,4,18,4,3,1098,1,1,4,2,1,4,3,65,2,2,2,1,1,1,1,1
884,2,24,2,2,4057,1,4,3,1,1,3,3,43,2,2,1,3,1,2,1,2
885,1,12,2,6,795,1,2,4,2,1,4,2,53,2,2,1,3,1,1,1,2
886,2,24,4,9,2825,5,4,4,3,1,3,4,34,2,2,2,3,2,2,1,1
887,2,48,2,9,15672,1,3,2,3,1,2,3,23,2,2,1,3,1,2,1,2
888,4,36,4,0,6614,1,5,4,3,1,4,3,34,2,2,2,4,1,2,1,1
889,4,28,1,1,7824,5,2,3,3,3,4,1,40,1,1,2,3,2,2,1,1
890,1,27,4,9,2442,1,5,4,3,1,4,3,43,2,2,4,4,2,2,1,1
891,4,15,4,3,1829,1,5,4,3,1,4,3,46,2,2,2,3,1,2,1,1
892,1,12,4,0,2171,1,3,4,3,1,4,2,38,1,2,2,2,1,1,2,1
893,2,36,4,1,5800,1,3,3,3,1,4,3,34,2,2,2,3,1,2,1,1
894,4,18,4,3,1169,5,3,4,3,1,3,2,29,2,2,2,3,1,2,1,1
895,4,36,3,1,8947,5,4,3,3,1,2,3,31,2,2,1,4,2,2,1,1
896,1,21,2,3,2606,1,2,4,2,1,4,2,28,2,1,1,4,1,2,1,1
897,4,12,4,2,1592,4,4,3,2,1,2,2,35,2,2,1,3,1,1,2,1
898,4,15,2,2,2186,5,4,1,2,1,4,1,33,1,1,1,2,1,1,1,1
899,1,18,2,2,4153,1,3,2,3,2,3,3,42,2,2,1,3,1,1,1,2
900,1,16,4,0,2625,1,5,2,3,3,4,2,43,1,1,1,3,1,2,1,2
901,4,20,4,0,3485,5,2,2,1,1,4,1,44,2,2,2,3,1,2,1,1
902,4,36,4,1,10477,5,5,2,3,1,4,4,42,2,3,2,3,1,1,1,1
903,4,15,2,3,1386,5,3,4,4,1,2,1,40,2,1,1,3,1,2,1,1
904,4,24,2,3,1278,1,5,4,3,1,1,1,36,2,2,1,4,1,2,1,1
905,1,12,2,3,1107,1,3,2,3,1,2,1,20,2,1,1,4,2,2,1,1
906,1,21,2,0,3763,5,4,2,3,2,2,1,24,2,2,1,2,1,1,2,1
907,2,36,2,6,3711,5,3,2,4,1,2,3,27,2,2,1,3,1,1,1,1
908,4,15,3,1,3594,1,2,1,2,1,2,2,46,2,2,2,2,1,1,1,1
909,2,9,2,0,3195,5,3,1,2,1,2,1,33,2,2,1,2,1,1,1,1
910,4,36,3,3,4454,1,3,4,2,1,4,1,34,2,2,2,3,1,1,1,1
911,2,24,4,2,4736,1,2,2,2,1,4,3,25,1,2,1,2,1,1,1,2
912,2,30,2,3,2991,5,5,2,2,1,4,3,25,2,2,1,3,1,1,1,1
913,4,11,2,9,2142,4,5,1,1,1,2,1,28,2,2,1,3,1,2,1,1
914,1,24,1,9,3161,1,3,4,3,1,2,2,31,2,1,1,3,1,2,1,2
915,2,48,0,10,18424,1,3,1,2,1,2,2,32,1,2,1,4,1,2,2,2
916,4,10,2,1,2848,2,3,1,3,2,2,1,32,2,2,1,3,2,1,1,1
917,1,6,2,0,14896,1,5,1,3,1,4,4,68,1,2,1,4,1,2,1,2
918,1,24,2,2,2359,2,1,1,1,1,1,2,33,2,2,1,3,1,1,1,2
919,1,24,2,2,3345,1,5,4,3,1,2,2,39,2,1,1,4,1,2,1,2
920,4,18,4,2,1817,1,3,4,2,1,2,4,28,2,2,2,3,1,1,1,1
921,4,48,3,3,12749,3,4,4,3,1,1,3,37,2,2,1,4,1,2,1,1
922,1,9,2,3,1366,1,2,3,2,1,4,2,22,2,1,1,3,1,1,1,2
923,2,12,2,0,2002,1,4,3,3,1,4,2,30,2,1,1,3,2,2,1,1
924,1,24,1,2,6872,1,2,2,1,1,1,2,55,1,2,1,3,1,2,1,2
925,1,12,1,0,697,1,2,4,3,1,2,3,46,1,2,2,3,1,2,1,2
926,1,18,4,2,1049,1,2,4,2,1,4,2,21,2,1,1,3,1,1,1,1
927,1,48,2,1,10297,1,4,4,3,1,4,4,39,2,3,3,3,2,2,1,2
928,4,30,2,3,1867,5,5,4,3,1,4,3,58,2,2,1,3,1,2,1,1
929,1,12,3,0,1344,1,3,4,3,1,2,1,43,2,2,2,2,2,1,1,1
930,1,24,2,2,1747,1,2,4,3,2,1,2,24,2,2,1,2,1,1,2,1
931,2,9,2,3,1670,1,2,4,2,1,2,3,22,2,2,1,3,1,2,1,2
932,4,9,4,0,1224,1,3,3,3,1,1,1,30,2,2,2,3,1,1,1,1
933,4,12,4,3,522,3,5,4,3,1,4,2,42,2,2,2,3,2,2,1,1
934,1,12,2,3,1498,1,3,4,2,1,1,3,23,1,2,1,3,1,1,1,1
935,2,30,3,3,1919,2,2,4,3,1,3,4,30,2,2,2,4,1,1,1,2
936,3,9,2,3,745,1,3,3,2,1,2,1,28,2,2,1,2,1,1,1,2
937,2,6,2,3,2063,1,2,4,4,1,3,3,30,2,1,1,4,1,2,1,1
938,2,60,2,6,6288,1,3,4,3,1,4,4,42,2,3,1,3,1,1,1,2
939,4,24,4,1,6842,5,3,2,3,1,4,2,46,2,2,2,4,2,2,1,1
940,4,12,2,0,3527,5,2,2,3,1,3,2,45,2,2,1,4,2,2,1,1
941,4,10,2,0,1546,1,3,3,3,1,2,1,31,2,2,1,2,2,1,2,1
942,4,24,2,2,929,5,4,4,3,1,2,3,31,2,2,1,3,1,2,1,1
943,4,4,4,0,1455,1,4,2,3,1,1,1,42,2,2,3,2,2,1,1,1
944,1,15,2,2,1845,1,2,4,2,3,1,2,46,2,1,1,3,1,1,1,1
945,2,48,0,0,8358,3,2,1,2,1,1,3,30,2,2,2,3,1,1,1,1
946,1,24,1,2,3349,3,2,4,3,1,4,4,30,2,3,1,3,2,2,1,2
947,4,12,2,0,2859,5,1,4,3,1,4,4,38,2,2,1,4,1,2,1,1
948,4,18,2,2,1533,1,2,4,4,2,1,2,43,2,2,1,2,2,1,1,2
949,4,24,2,3,3621,2,5,2,3,1,4,3,31,2,2,2,3,1,1,1,2
950,2,18,4,9,3590,1,1,3,4,1,3,3,40,2,2,3,1,2,2,1,1
951,1,36,3,9,2145,1,4,2,3,1,1,3,24,2,2,2,3,1,2,1,2
952,2,24,2,1,4113,3,2,3,2,1,4,3,28,2,1,1,3,1,1,1,2
953,4,36,2,2,10974,1,1,4,2,1,2,3,26,2,2,2,4,1,2,1,2
954,1,12,2,0,1893,1,3,4,2,3,4,2,29,2,2,1,3,1,2,1,1
955,1,24,4,3,1231,4,5,4,2,1,4,2,57,2,1,2,4,1,2,1,1
956,3,30,4,3,3656,5,5,4,3,1,4,2,49,2,2,2,2,1,1,1,1
957,2,9,4,3,1154,1,5,2,3,1,4,1,37,2,2,3,2,1,1,1,1
958,1,28,2,0,4006,1,3,3,3,1,2,3,45,2,2,1,2,1,1,1,2
959,2,24,2,2,3069,2,5,4,3,1,4,4,30,2,3,1,3,1,1,1,1
960,4,6,4,3,1740,1,5,2,4,1,2,1,30,2,1,2,3,1,1,1,1
961,2,21,3,0,2353,1,3,1,1,1,4,2,47,2,2,2,3,1,1,1,1
962,4,15,2,0,3556,5,3,3,3,1,2,4,29,2,2,1,3,1,1,1,1
963,4,24,2,3,2397,3,5,3,3,1,2,3,35,1,2,2,3,1,2,1,2
964,2,6,2,5,454,1,2,3,4,1,1,2,22,2,2,1,2,1,1,1,1
965,2,30,2,3,1715,5,3,4,2,1,1,3,26,2,2,1,3,1,1,1,1
966,2,27,4,3,2520,3,3,4,3,1,2,2,23,2,2,2,2,1,1,1,2
967,4,15,2,3,3568,1,5,4,2,1,2,3,54,1,1,1,4,1,2,1,1
968,4,42,2,3,7166,5,4,2,4,1,4,2,29,2,1,1,3,1,2,1,1
969,1,11,4,0,3939,1,3,1,3,1,2,1,40,2,2,2,2,2,1,1,1
970,2,15,2,5,1514,2,3,4,3,3,2,1,22,2,2,1,3,1,1,1,1
971,4,24,2,0,7393,1,3,1,3,1,4,2,43,2,2,1,2,2,1,1,1
972,1,24,1,0,1193,1,1,1,2,2,4,4,29,2,1,2,1,1,1,1,2
973,1,60,2,9,7297,1,5,4,3,2,4,4,36,2,1,1,3,1,1,1,2
974,4,30,4,3,2831,1,3,4,2,1,2,3,33,2,2,1,3,1,2,1,1
975,3,24,2,3,1258,3,3,3,2,1,3,3,57,2,2,1,2,1,1,1,1
976,2,6,2,3,753,1,3,2,2,3,3,1,64,2,2,1,3,1,1,1,1
977,2,18,3,9,2427,5,5,4,3,1,2,2,42,2,2,2,3,1,1,1,1
978,4,24,3,0,2538,1,5,4,3,1,4,3,47,2,2,2,2,2,1,1,2
979,2,15,1,0,1264,2,3,2,4,1,2,2,25,2,1,1,3,1,1,1,2
980,2,30,4,2,8386,1,4,2,3,1,2,2,49,2,2,1,3,1,1,1,2
981,4,48,2,9,4844,1,1,3,3,1,2,3,33,1,1,1,4,1,2,1,2
982,3,21,2,0,2923,2,3,1,2,1,1,3,28,1,2,1,4,1,2,1,1
983,1,36,2,1,8229,1,3,2,3,1,2,2,26,2,2,1,3,2,1,1,2
984,4,24,4,2,2028,1,4,2,3,1,2,2,30,2,2,2,2,1,1,1,1
985,1,15,4,2,1433,1,3,4,2,1,3,2,25,2,1,2,3,1,1,1,1
986,3,42,0,9,6289,1,2,2,1,1,1,2,33,2,2,2,3,1,1,1,1
987,4,13,2,3,1409,2,1,2,2,1,4,1,64,2,2,1,3,1,1,1,1
988,1,24,2,1,6579,1,1,4,3,1,2,4,29,2,3,1,4,1,2,1,1
989,2,24,4,3,1743,1,5,4,3,1,2,2,48,2,2,2,2,1,1,1,1
990,4,12,4,6,3565,5,2,2,3,1,1,2,37,2,2,2,2,2,1,1,1
991,4,15,1,3,1569,2,5,4,3,1,4,3,34,1,2,1,2,2,1,1,1
992,1,18,2,3,1936,5,4,2,4,1,4,3,23,2,1,2,2,1,1,1,1
993,1,36,2,2,3959,1,1,4,3,1,3,2,30,2,2,1,4,1,2,1,1
994,4,12,2,0,2390,5,5,4,3,1,3,3,50,2,2,1,3,1,2,1,1
995,4,12,2,2,1736,1,4,3,2,1,4,1,31,2,2,1,2,1,1,1,1
996,1,30,2,1,3857,1,3,4,1,1,4,2,40,2,2,1,4,1,2,1,1
997,4,12,2,3,804,1,5,4,3,1,4,3,38,2,2,1,3,1,1,1,1
998,1,45,2,3,1845,1,3,4,3,1,4,4,23,2,3,1,3,1,2,1,2
999,2,45,4,1,4576,2,1,3,3,1,4,3,27,2,2,1,3,1,1,1,1
